2026-10-01 00:30:00 | INFO | run_started | cities=5 | offline=False
2026-10-01 00:30:01 | INFO | city=Hyderabad | api=air-quality-api | status=200 | latency_ms=169 | attempt=1
2026-10-01 00:30:02 | INFO | city=Hyderabad | api=api | status=200 | latency_ms=216 | attempt=1
2026-10-01 00:30:04 | INFO | city=Mumbai | api=air-quality-api | status=200 | latency_ms=639 | attempt=1
2026-10-01 00:30:05 | WARNING | city=Mumbai | api_call_failed | attempt=1 | error=Timeout
2026-10-01 00:30:07 | ERROR | city=Delhi | api_call_failed | attempt=3 | error=ConnectionError
2026-10-01 00:30:10 | INFO | city=Delhi | api=api | status=200 | latency_ms=699 | attempt=1
2026-10-01 00:30:11 | INFO | city=Bengaluru | api=air-quality-api | status=200 | latency_ms=765 | attempt=1
2026-10-01 00:30:14 | INFO | city=Bengaluru | api=api | status=200 | latency_ms=183 | attempt=1
2026-10-01 00:30:17 | INFO | city=Chennai | api=air-quality-api | status=200 | latency_ms=170 | attempt=1
2026-10-01 00:30:18 | WARNING | city=Chennai | api_call_failed | attempt=1 | error=Timeout
2026-10-01 00:30:18 | INFO | run_finished | records=5 | failed=0
2026-10-01 01:03:18 | INFO | run_started | cities=5 | offline=False
2026-10-01 01:03:19 | INFO | city=Hyderabad | api=air-quality-api | status=200 | latency_ms=704 | attempt=1
2026-10-01 01:03:21 | INFO | city=Hyderabad | api=api | status=200 | latency_ms=818 | attempt=1
2026-10-01 01:03:22 | INFO | city=Mumbai | api=air-quality-api | status=200 | latency_ms=704 | attempt=1
2026-10-01 01:03:25 | INFO | city=Mumbai | api=api | status=200 | latency_ms=219 | attempt=1
2026-10-01 01:03:28 | INFO | city=Delhi | api=air-quality-api | status=200 | latency_ms=697 | attempt=1
2026-10-01 01:03:29 | INFO | city=Delhi | api=api | status=200 | latency_ms=628 | attempt=1
2026-10-01 01:03:32 | INFO | city=Bengaluru | api=air-quality-api | status=200 | latency_ms=441 | attempt=1
2026-10-01 01:03:34 | INFO | city=Bengaluru | api=api | status=200 | latency_ms=584 | attempt=1
2026-10-01 01:03:36 | INFO | city=Chennai | api=air-quality-api | status=200 | latency_ms=304 | attempt=1
2026-10-01 01:03:39 | INFO | city=Chennai | api=api | status=200 | latency_ms=203 | attempt=1
2026-10-01 01:03:39 | INFO | run_finished | records=5 | failed=0
2026-10-01 01:39:39 | INFO | run_started | cities=5 | offline=False
2026-10-01 01:39:41 | INFO | city=Hyderabad | api=air-quality-api | status=200 | latency_ms=866 | attempt=1
2026-10-01 01:39:43 | INFO | city=Hyderabad | api=api | status=200 | latency_ms=194 | attempt=1
2026-10-01 01:39:44 | INFO | city=Mumbai | api=air-quality-api | status=200 | latency_ms=288 | attempt=1
2026-10-01 01:39:46 | INFO | city=Mumbai | api=api | status=200 | latency_ms=620 | attempt=1
2026-10-01 01:39:48 | WARNING | city=Delhi | api_call_failed | attempt=1 | error=Timeout
2026-10-01 01:39:49 | INFO | city=Delhi | api=api | status=200 | latency_ms=706 | attempt=1
2026-10-01 01:39:51 | INFO | city=Bengaluru | api=air-quality-api | status=200 | latency_ms=478 | attempt=1
2026-10-01 01:39:54 | INFO | city=Bengaluru | api=api | status=200 | latency_ms=587 | attempt=1
2026-10-01 01:39:55 | INFO | city=Chennai | api=air-quality-api | status=200 | latency_ms=396 | attempt=1
2026-10-01 01:39:57 | INFO | city=Chennai | api=api | status=200 | latency_ms=186 | attempt=1
2026-10-01 01:39:57 | INFO | run_finished | records=4 | failed=0
2026-10-01 02:08:57 | INFO | run_started | cities=5 | offline=False
2026-10-01 02:09:00 | INFO | city=Hyderabad | api=air-quality-api | status=200 | latency_ms=817 | attempt=1
2026-10-01 02:09:02 | INFO | city=Hyderabad | api=api | status=200 | latency_ms=515 | attempt=1
2026-10-01 02:09:05 | INFO | city=Mumbai | api=air-quality-api | status=200 | latency_ms=592 | attempt=1
2026-10-01 02:09:07 | INFO | city=Mumbai | api=api | status=200 | latency_ms=239 | attempt=1
2026-10-01 02:09:09 | WARNING | city=Delhi | api_call_failed | attempt=1 | error=Timeout
2026-10-01 02:09:10 | INFO | city=Delhi | api=api | status=200 | latency_ms=527 | attempt=1
2026-10-01 02:09:12 | INFO | city=Bengaluru | api=air-quality-api | status=200 | latency_ms=628 | attempt=1
2026-10-01 02:09:13 | INFO | city=Bengaluru | api=api | status=200 | latency_ms=531 | attempt=1
2026-10-01 02:09:16 | INFO | city=Chennai | api=air-quality-api | status=200 | latency_ms=260 | attempt=1
2026-10-01 02:09:18 | INFO | city=Chennai | api=api | status=200 | latency_ms=405 | attempt=1
2026-10-01 02:09:18 | INFO | run_finished | records=5 | failed=0
2026-10-01 02:40:18 | INFO | run_started | cities=5 | offline=False
2026-10-01 02:40:21 | INFO | city=Hyderabad | api=air-quality-api | status=200 | latency_ms=356 | attempt=1
2026-10-01 02:40:22 | INFO | city=Hyderabad | api=api | status=429 | latency_ms=274 | attempt=1
2026-10-01 02:40:23 | INFO | city=Mumbai | api=air-quality-api | status=200 | latency_ms=132 | attempt=1
2026-10-01 02:40:25 | INFO | city=Mumbai | api=api | status=200 | latency_ms=306 | attempt=1
2026-10-01 02:40:27 | INFO | city=Delhi | api=air-quality-api | status=200 | latency_ms=269 | attempt=1
2026-10-01 02:40:29 | INFO | city=Delhi | api=api | status=200 | latency_ms=744 | attempt=1
2026-10-01 02:40:32 | INFO | city=Bengaluru | api=air-quality-api | status=200 | latency_ms=248 | attempt=1
2026-10-01 02:40:35 | INFO | city=Bengaluru | api=api | status=200 | latency_ms=752 | attempt=1
2026-10-01 02:40:38 | INFO | city=Chennai | api=air-quality-api | status=200 | latency_ms=175 | attempt=1
2026-10-01 02:40:40 | INFO | city=Chennai | api=api | status=200 | latency_ms=816 | attempt=1
2026-10-01 02:40:40 | INFO | run_finished | records=5 | failed=0
2026-10-01 03:12:40 | INFO | run_started | cities=5 | offline=False
2026-10-01 03:12:42 | INFO | city=Hyderabad | api=air-quality-api | status=200 | latency_ms=613 | attempt=1
2026-10-01 03:12:45 | INFO | city=Hyderabad | api=api | status=200 | latency_ms=315 | attempt=1
2026-10-01 03:12:46 | INFO | city=Mumbai | api=air-quality-api | status=200 | latency_ms=571 | attempt=1
2026-10-01 03:12:47 | INFO | city=Mumbai | api=api | status=200 | latency_ms=735 | attempt=1
2026-10-01 03:12:48 | INFO | city=Delhi | api=air-quality-api | status=200 | latency_ms=700 | attempt=1
2026-10-01 03:12:49 | INFO | city=Delhi | api=api | status=200 | latency_ms=492 | attempt=1
2026-10-01 03:12:52 | WARNING | city=Bengaluru | api_call_failed | attempt=1 | error=Timeout
2026-10-01 03:12:55 | INFO | city=Bengaluru | api=api | status=200 | latency_ms=769 | attempt=1
2026-10-01 03:12:57 | INFO | city=Chennai | api=air-quality-api | status=200 | latency_ms=736 | attempt=1
2026-10-01 03:12:59 | INFO | city=Chennai | api=api | status=200 | latency_ms=238 | attempt=1
2026-10-01 03:12:59 | INFO | run_finished | records=5 | failed=0
2026-10-01 03:46:59 | INFO | run_started | cities=5 | offline=False
2026-10-01 03:47:01 | INFO | city=Hyderabad | api=air-quality-api | status=200 | latency_ms=207 | attempt=1
2026-10-01 03:47:02 | INFO | city=Hyderabad | api=api | status=200 | latency_ms=470 | attempt=1
2026-10-01 03:47:05 | INFO | city=Mumbai | api=air-quality-api | status=200 | latency_ms=828 | attempt=1
2026-10-01 03:47:06 | INFO | city=Mumbai | api=api | status=200 | latency_ms=330 | attempt=1
2026-10-01 03:47:09 | INFO | city=Delhi | api=air-quality-api | status=200 | latency_ms=826 | attempt=1
2026-10-01 03:47:12 | INFO | city=Delhi | api=api | status=200 | latency_ms=896 | attempt=1
2026-10-01 03:47:15 | INFO | city=Bengaluru | api=air-quality-api | status=200 | latency_ms=778 | attempt=1
2026-10-01 03:47:16 | INFO | city=Bengaluru | api=api | status=200 | latency_ms=387 | attempt=1
2026-10-01 03:47:19 | INFO | city=Chennai | api=air-quality-api | status=200 | latency_ms=291 | attempt=1
2026-10-01 03:47:21 | INFO | city=Chennai | api=api | status=200 | latency_ms=665 | attempt=1
2026-10-01 03:47:21 | INFO | run_finished | records=5 | failed=0
2026-10-01 04:27:21 | INFO | run_started | cities=5 | offline=False
2026-10-01 04:27:22 | INFO | city=Hyderabad | api=air-quality-api | status=200 | latency_ms=896 | attempt=1
2026-10-01 04:27:23 | INFO | city=Hyderabad | api=api | status=200 | latency_ms=530 | attempt=1
2026-10-01 04:27:26 | INFO | city=Mumbai | api=air-quality-api | status=200 | latency_ms=324 | attempt=1
2026-10-01 04:27:29 | INFO | city=Mumbai | api=api | status=200 | latency_ms=868 | attempt=1
2026-10-01 04:27:30 | INFO | city=Delhi | api=air-quality-api | status=200 | latency_ms=406 | attempt=1
2026-10-01 04:27:32 | INFO | city=Delhi | api=api | status=200 | latency_ms=829 | attempt=1
2026-10-01 04:27:35 | INFO | city=Bengaluru | api=air-quality-api | status=200 | latency_ms=577 | attempt=1
2026-10-01 04:27:38 | INFO | city=Bengaluru | api=api | status=200 | latency_ms=493 | attempt=1
2026-10-01 04:27:39 | INFO | city=Chennai | api=air-quality-api | status=200 | latency_ms=352 | attempt=1
2026-10-01 04:27:41 | INFO | city=Chennai | api=api | status=200 | latency_ms=329 | attempt=1
2026-10-01 04:27:41 | INFO | run_finished | records=5 | failed=0
2026-10-01 05:06:41 | INFO | run_started | cities=5 | offline=False
2026-10-01 05:06:44 | INFO | city=Hyderabad | api=air-quality-api | status=200 | latency_ms=610 | attempt=1
2026-10-01 05:06:47 | INFO | city=Hyderabad | api=api | status=200 | latency_ms=778 | attempt=1
2026-10-01 05:06:48 | INFO | city=Mumbai | api=air-quality-api | status=200 | latency_ms=242 | attempt=1
2026-10-01 05:06:50 | INFO | city=Mumbai | api=api | status=200 | latency_ms=888 | attempt=1
2026-10-01 05:06:51 | INFO | city=Delhi | api=air-quality-api | status=200 | latency_ms=302 | attempt=1
2026-10-01 05:06:53 | INFO | city=Delhi | api=api | status=200 | latency_ms=460 | attempt=1
2026-10-01 05:06:54 | INFO | city=Bengaluru | api=air-quality-api | status=200 | latency_ms=859 | attempt=1
2026-10-01 05:06:56 | INFO | city=Bengaluru | api=api | status=200 | latency_ms=881 | attempt=1
2026-10-01 05:06:57 | INFO | city=Chennai | api=air-quality-api | status=200 | latency_ms=294 | attempt=1
2026-10-01 05:06:58 | WARNING | city=Chennai | api_call_failed | attempt=1 | error=Timeout
2026-10-01 05:06:58 | INFO | run_finished | records=5 | failed=0
2026-10-01 05:46:58 | INFO | run_started | cities=5 | offline=False
2026-10-01 05:46:59 | INFO | city=Hyderabad | api=air-quality-api | status=200 | latency_ms=730 | attempt=1
2026-10-01 05:47:01 | INFO | city=Hyderabad | api=api | status=200 | latency_ms=478 | attempt=1
2026-10-01 05:47:02 | INFO | city=Mumbai | api=air-quality-api | status=200 | latency_ms=254 | attempt=1
2026-10-01 05:47:03 | WARNING | city=Mumbai | api_call_failed | attempt=1 | error=Timeout
2026-10-01 05:47:06 | INFO | city=Delhi | api=air-quality-api | status=200 | latency_ms=887 | attempt=1
2026-10-01 05:47:07 | INFO | city=Delhi | api=api | status=200 | latency_ms=319 | attempt=1
2026-10-01 05:47:08 | WARNING | city=Bengaluru | api_call_failed | attempt=1 | error=Timeout
2026-10-01 05:47:10 | INFO | city=Bengaluru | api=api | status=200 | latency_ms=720 | attempt=1
2026-10-01 05:47:12 | INFO | city=Chennai | api=air-quality-api | status=200 | latency_ms=549 | attempt=1
2026-10-01 05:47:13 | ERROR | city=Chennai | api_call_failed | attempt=3 | error=ConnectionError
2026-10-01 05:47:13 | INFO | run_finished | records=5 | failed=0
2026-10-01 06:21:13 | INFO | run_started | cities=5 | offline=False
2026-10-01 06:21:16 | INFO | city=Hyderabad | api=air-quality-api | status=200 | latency_ms=649 | attempt=1
2026-10-01 06:21:18 | INFO | city=Hyderabad | api=api | status=200 | latency_ms=633 | attempt=1
2026-10-01 06:21:19 | INFO | city=Mumbai | api=air-quality-api | status=200 | latency_ms=656 | attempt=1
2026-10-01 06:21:22 | WARNING | city=Mumbai | api_call_failed | attempt=1 | error=Timeout
2026-10-01 06:21:23 | INFO | city=Delhi | api=air-quality-api | status=200 | latency_ms=273 | attempt=1
2026-10-01 06:21:24 | INFO | city=Delhi | api=api | status=200 | latency_ms=753 | attempt=1
2026-10-01 06:21:27 | INFO | city=Bengaluru | api=air-quality-api | status=200 | latency_ms=183 | attempt=1
2026-10-01 06:21:29 | INFO | city=Bengaluru | api=api | status=200 | latency_ms=663 | attempt=1
2026-10-01 06:21:32 | INFO | city=Chennai | api=air-quality-api | status=200 | latency_ms=228 | attempt=1
2026-10-01 06:21:35 | WARNING | city=Chennai | api_call_failed | attempt=1 | error=Timeout
2026-10-01 06:21:35 | INFO | run_finished | records=5 | failed=0
2026-10-01 06:42:35 | INFO | run_started | cities=5 | offline=False
2026-10-01 06:42:36 | INFO | city=Hyderabad | api=air-quality-api | status=200 | latency_ms=695 | attempt=1
2026-10-01 06:42:37 | INFO | city=Hyderabad | api=api | status=200 | latency_ms=184 | attempt=1
2026-10-01 06:42:39 | INFO | city=Mumbai | api=air-quality-api | status=200 | latency_ms=637 | attempt=1
2026-10-01 06:42:42 | INFO | city=Mumbai | api=api | status=200 | latency_ms=829 | attempt=1
2026-10-01 06:42:44 | INFO | city=Delhi | api=air-quality-api | status=200 | latency_ms=666 | attempt=1
2026-10-01 06:42:46 | INFO | city=Delhi | api=api | status=200 | latency_ms=373 | attempt=1
2026-10-01 06:42:49 | INFO | city=Bengaluru | api=air-quality-api | status=200 | latency_ms=385 | attempt=1
2026-10-01 06:42:52 | INFO | city=Bengaluru | api=api | status=200 | latency_ms=327 | attempt=1
2026-10-01 06:42:54 | INFO | city=Chennai | api=air-quality-api | status=200 | latency_ms=244 | attempt=1
2026-10-01 06:42:56 | INFO | city=Chennai | api=api | status=200 | latency_ms=194 | attempt=1
2026-10-01 06:42:56 | INFO | run_finished | records=5 | failed=0
2026-10-01 07:15:56 | INFO | run_started | cities=5 | offline=False
2026-10-01 07:15:57 | INFO | city=Hyderabad | api=air-quality-api | status=200 | latency_ms=430 | attempt=1
2026-10-01 07:15:58 | INFO | city=Hyderabad | api=api | status=200 | latency_ms=278 | attempt=1
2026-10-01 07:16:01 | INFO | city=Mumbai | api=air-quality-api | status=200 | latency_ms=494 | attempt=1
2026-10-01 07:16:02 | INFO | city=Mumbai | api=api | status=200 | latency_ms=260 | attempt=1
2026-10-01 07:16:04 | INFO | city=Delhi | api=air-quality-api | status=200 | latency_ms=216 | attempt=1
2026-10-01 07:16:06 | INFO | city=Delhi | api=api | status=200 | latency_ms=286 | attempt=1
2026-10-01 07:16:09 | INFO | city=Bengaluru | api=air-quality-api | status=200 | latency_ms=285 | attempt=1
2026-10-01 07:16:12 | INFO | city=Bengaluru | api=api | status=200 | latency_ms=647 | attempt=1
2026-10-01 07:16:14 | INFO | city=Chennai | api=air-quality-api | status=200 | latency_ms=320 | attempt=1
2026-10-01 07:16:16 | INFO | city=Chennai | api=api | status=200 | latency_ms=859 | attempt=1
2026-10-01 07:16:16 | INFO | run_finished | records=5 | failed=0
2026-10-01 07:36:16 | INFO | run_started | cities=5 | offline=False
2026-10-01 07:36:18 | INFO | city=Hyderabad | api=air-quality-api | status=200 | latency_ms=571 | attempt=1
2026-10-01 07:36:21 | WARNING | city=Hyderabad | api_call_failed | attempt=1 | error=Timeout
2026-10-01 07:36:24 | INFO | city=Mumbai | api=air-quality-api | status=200 | latency_ms=644 | attempt=1
2026-10-01 07:36:25 | INFO | city=Mumbai | api=api | status=200 | latency_ms=354 | attempt=1
2026-10-01 07:36:26 | INFO | city=Delhi | api=air-quality-api | status=429 | latency_ms=398 | attempt=1
2026-10-01 07:36:27 | INFO | city=Delhi | api=api | status=200 | latency_ms=305 | attempt=1
2026-10-01 07:36:29 | INFO | city=Bengaluru | api=air-quality-api | status=200 | latency_ms=552 | attempt=1
2026-10-01 07:36:32 | INFO | city=Bengaluru | api=api | status=200 | latency_ms=384 | attempt=1
2026-10-01 07:36:34 | INFO | city=Chennai | api=air-quality-api | status=200 | latency_ms=647 | attempt=1
2026-10-01 07:36:37 | INFO | city=Chennai | api=api | status=200 | latency_ms=454 | attempt=1
2026-10-01 07:36:37 | INFO | run_finished | records=4 | failed=0
2026-10-01 08:04:37 | INFO | run_started | cities=5 | offline=False
2026-10-01 08:04:38 | INFO | city=Hyderabad | api=air-quality-api | status=200 | latency_ms=307 | attempt=1
2026-10-01 08:04:40 | INFO | city=Hyderabad | api=api | status=200 | latency_ms=395 | attempt=1
2026-10-01 08:04:41 | INFO | city=Mumbai | api=air-quality-api | status=200 | latency_ms=386 | attempt=1
2026-10-01 08:04:42 | INFO | city=Mumbai | api=api | status=200 | latency_ms=347 | attempt=1
2026-10-01 08:04:43 | INFO | city=Delhi | api=air-quality-api | status=200 | latency_ms=244 | attempt=1
2026-10-01 08:04:45 | WARNING | city=Delhi | api_call_failed | attempt=1 | error=Timeout
2026-10-01 08:04:47 | INFO | city=Bengaluru | api=air-quality-api | status=200 | latency_ms=394 | attempt=1
2026-10-01 08:04:50 | INFO | city=Bengaluru | api=api | status=200 | latency_ms=659 | attempt=1
2026-10-01 08:04:53 | INFO | city=Chennai | api=air-quality-api | status=200 | latency_ms=232 | attempt=1
2026-10-01 08:04:54 | INFO | city=Chennai | api=api | status=200 | latency_ms=305 | attempt=1
2026-10-01 08:04:54 | INFO | run_finished | records=5 | failed=0
2026-10-01 08:33:54 | INFO | run_started | cities=5 | offline=False
2026-10-01 08:33:57 | INFO | city=Hyderabad | api=air-quality-api | status=200 | latency_ms=897 | attempt=1
2026-10-01 08:33:58 | INFO | city=Hyderabad | api=api | status=200 | latency_ms=632 | attempt=1
2026-10-01 08:34:01 | INFO | city=Mumbai | api=air-quality-api | status=200 | latency_ms=475 | attempt=1
2026-10-01 08:34:02 | INFO | city=Mumbai | api=api | status=200 | latency_ms=157 | attempt=1
2026-10-01 08:34:03 | WARNING | city=Delhi | api_call_failed | attempt=1 | error=Timeout
2026-10-01 08:34:06 | INFO | city=Delhi | api=api | status=200 | latency_ms=646 | attempt=1
2026-10-01 08:34:08 | INFO | city=Bengaluru | api=air-quality-api | status=200 | latency_ms=577 | attempt=1
2026-10-01 08:34:09 | INFO | city=Bengaluru | api=api | status=200 | latency_ms=785 | attempt=1
2026-10-01 08:34:11 | INFO | city=Chennai | api=air-quality-api | status=200 | latency_ms=679 | attempt=1
2026-10-01 08:34:13 | INFO | city=Chennai | api=api | status=200 | latency_ms=435 | attempt=1
2026-10-01 08:34:13 | INFO | run_finished | records=5 | failed=0
2026-10-01 09:01:13 | INFO | run_started | cities=5 | offline=False
2026-10-01 09:01:15 | INFO | city=Hyderabad | api=air-quality-api | status=200 | latency_ms=843 | attempt=1
2026-10-01 09:01:18 | INFO | city=Hyderabad | api=api | status=200 | latency_ms=534 | attempt=1
2026-10-01 09:01:20 | INFO | city=Mumbai | api=air-quality-api | status=200 | latency_ms=252 | attempt=1
2026-10-01 09:01:21 | ERROR | city=Mumbai | api_call_failed | attempt=3 | error=ConnectionError
2026-10-01 09:01:23 | INFO | city=Delhi | api=air-quality-api | status=200 | latency_ms=176 | attempt=1
2026-10-01 09:01:24 | INFO | city=Delhi | api=api | status=200 | latency_ms=510 | attempt=1
2026-10-01 09:01:27 | INFO | city=Bengaluru | api=air-quality-api | status=200 | latency_ms=408 | attempt=1
2026-10-01 09:01:30 | INFO | city=Bengaluru | api=api | status=200 | latency_ms=420 | attempt=1
2026-10-01 09:01:31 | INFO | city=Chennai | api=air-quality-api | status=200 | latency_ms=281 | attempt=1
2026-10-01 09:01:33 | INFO | city=Chennai | api=api | status=200 | latency_ms=389 | attempt=1
2026-10-01 09:01:33 | INFO | run_finished | records=5 | failed=0
2026-10-01 09:31:33 | INFO | run_started | cities=5 | offline=False
2026-10-01 09:31:36 | INFO | city=Hyderabad | api=air-quality-api | status=200 | latency_ms=155 | attempt=1
2026-10-01 09:31:38 | INFO | city=Hyderabad | api=api | status=200 | latency_ms=307 | attempt=1
2026-10-01 09:31:39 | INFO | city=Mumbai | api=air-quality-api | status=200 | latency_ms=205 | attempt=1
2026-10-01 09:31:41 | INFO | city=Mumbai | api=api | status=200 | latency_ms=791 | attempt=1
2026-10-01 09:31:42 | INFO | city=Delhi | api=air-quality-api | status=200 | latency_ms=125 | attempt=1
2026-10-01 09:31:43 | INFO | city=Delhi | api=api | status=200 | latency_ms=211 | attempt=1
2026-10-01 09:31:44 | INFO | city=Bengaluru | api=air-quality-api | status=200 | latency_ms=162 | attempt=1
2026-10-01 09:31:46 | WARNING | city=Bengaluru | api_call_failed | attempt=1 | error=Timeout
2026-10-01 09:31:49 | INFO | city=Chennai | api=air-quality-api | status=200 | latency_ms=719 | attempt=1
2026-10-01 09:31:52 | INFO | city=Chennai | api=api | status=200 | latency_ms=278 | attempt=1
2026-10-01 09:31:52 | INFO | run_finished | records=5 | failed=0
2026-10-01 10:01:52 | INFO | run_started | cities=5 | offline=False
2026-10-01 10:01:55 | INFO | city=Hyderabad | api=air-quality-api | status=200 | latency_ms=273 | attempt=1
2026-10-01 10:01:57 | INFO | city=Hyderabad | api=api | status=200 | latency_ms=778 | attempt=1
2026-10-01 10:01:58 | WARNING | city=Mumbai | api_call_failed | attempt=1 | error=Timeout
2026-10-01 10:02:01 | INFO | city=Mumbai | api=api | status=200 | latency_ms=871 | attempt=1
2026-10-01 10:02:04 | INFO | city=Delhi | api=air-quality-api | status=200 | latency_ms=262 | attempt=1
2026-10-01 10:02:07 | INFO | city=Delhi | api=api | status=200 | latency_ms=702 | attempt=1
2026-10-01 10:02:08 | INFO | city=Bengaluru | api=air-quality-api | status=200 | latency_ms=718 | attempt=1
2026-10-01 10:02:11 | INFO | city=Bengaluru | api=api | status=200 | latency_ms=829 | attempt=1
2026-10-01 10:02:14 | INFO | city=Chennai | api=air-quality-api | status=200 | latency_ms=151 | attempt=1
2026-10-01 10:02:15 | INFO | city=Chennai | api=api | status=200 | latency_ms=489 | attempt=1
2026-10-01 10:02:15 | INFO | run_finished | records=4 | failed=0
2026-10-01 10:34:15 | INFO | run_started | cities=5 | offline=False
2026-10-01 10:34:17 | INFO | city=Hyderabad | api=air-quality-api | status=200 | latency_ms=762 | attempt=1
2026-10-01 10:34:18 | INFO | city=Hyderabad | api=api | status=200 | latency_ms=817 | attempt=1
2026-10-01 10:34:19 | INFO | city=Mumbai | api=air-quality-api | status=200 | latency_ms=123 | attempt=1
2026-10-01 10:34:21 | INFO | city=Mumbai | api=api | status=200 | latency_ms=886 | attempt=1
2026-10-01 10:34:24 | INFO | city=Delhi | api=air-quality-api | status=200 | latency_ms=214 | attempt=1
2026-10-01 10:34:27 | INFO | city=Delhi | api=api | status=200 | latency_ms=883 | attempt=1
2026-10-01 10:34:30 | INFO | city=Bengaluru | api=air-quality-api | status=200 | latency_ms=196 | attempt=1
2026-10-01 10:34:32 | INFO | city=Bengaluru | api=api | status=200 | latency_ms=894 | attempt=1
2026-10-01 10:34:33 | INFO | city=Chennai | api=air-quality-api | status=200 | latency_ms=785 | attempt=1
2026-10-01 10:34:35 | INFO | city=Chennai | api=api | status=200 | latency_ms=511 | attempt=1
2026-10-01 10:34:35 | INFO | run_finished | records=4 | failed=0
2026-10-01 11:09:35 | INFO | run_started | cities=5 | offline=False
2026-10-01 11:09:38 | INFO | city=Hyderabad | api=air-quality-api | status=200 | latency_ms=167 | attempt=1
2026-10-01 11:09:41 | INFO | city=Hyderabad | api=api | status=200 | latency_ms=323 | attempt=1
2026-10-01 11:09:42 | INFO | city=Mumbai | api=air-quality-api | status=200 | latency_ms=459 | attempt=1
2026-10-01 11:09:44 | INFO | city=Mumbai | api=api | status=200 | latency_ms=829 | attempt=1
2026-10-01 11:09:46 | INFO | city=Delhi | api=air-quality-api | status=200 | latency_ms=256 | attempt=1
2026-10-01 11:09:47 | INFO | city=Delhi | api=api | status=200 | latency_ms=617 | attempt=1
2026-10-01 11:09:49 | INFO | city=Bengaluru | api=air-quality-api | status=200 | latency_ms=221 | attempt=1
2026-10-01 11:09:52 | INFO | city=Bengaluru | api=api | status=200 | latency_ms=621 | attempt=1
2026-10-01 11:09:54 | INFO | city=Chennai | api=air-quality-api | status=200 | latency_ms=412 | attempt=1
2026-10-01 11:09:56 | INFO | city=Chennai | api=api | status=200 | latency_ms=241 | attempt=1
2026-10-01 11:09:56 | INFO | run_finished | records=5 | failed=0
2026-10-01 11:38:56 | INFO | run_started | cities=5 | offline=False
2026-10-01 11:38:57 | INFO | city=Hyderabad | api=air-quality-api | status=200 | latency_ms=137 | attempt=1
2026-10-01 11:38:59 | INFO | city=Hyderabad | api=api | status=200 | latency_ms=638 | attempt=1
2026-10-01 11:39:01 | INFO | city=Mumbai | api=air-quality-api | status=200 | latency_ms=516 | attempt=1
2026-10-01 11:39:02 | INFO | city=Mumbai | api=api | status=200 | latency_ms=335 | attempt=1
2026-10-01 11:39:03 | INFO | city=Delhi | api=air-quality-api | status=200 | latency_ms=265 | attempt=1
2026-10-01 11:39:06 | INFO | city=Delhi | api=api | status=200 | latency_ms=488 | attempt=1
2026-10-01 11:39:07 | INFO | city=Bengaluru | api=air-quality-api | status=200 | latency_ms=766 | attempt=1
2026-10-01 11:39:10 | INFO | city=Bengaluru | api=api | status=200 | latency_ms=235 | attempt=1
2026-10-01 11:39:13 | INFO | city=Chennai | api=air-quality-api | status=200 | latency_ms=629 | attempt=1
2026-10-01 11:39:15 | INFO | city=Chennai | api=api | status=200 | latency_ms=282 | attempt=1
2026-10-01 11:39:15 | INFO | run_finished | records=4 | failed=0
2026-10-01 12:14:15 | INFO | run_started | cities=5 | offline=False
2026-10-01 12:14:18 | INFO | city=Hyderabad | api=air-quality-api | status=200 | latency_ms=429 | attempt=1
2026-10-01 12:14:21 | INFO | city=Hyderabad | api=api | status=200 | latency_ms=472 | attempt=1
2026-10-01 12:14:23 | INFO | city=Mumbai | api=air-quality-api | status=200 | latency_ms=459 | attempt=1
2026-10-01 12:14:24 | INFO | city=Mumbai | api=api | status=200 | latency_ms=466 | attempt=1
2026-10-01 12:14:26 | INFO | city=Delhi | api=air-quality-api | status=200 | latency_ms=320 | attempt=1
2026-10-01 12:14:29 | WARNING | city=Delhi | api_call_failed | attempt=1 | error=Timeout
2026-10-01 12:14:31 | INFO | city=Bengaluru | api=air-quality-api | status=200 | latency_ms=186 | attempt=1
2026-10-01 12:14:33 | INFO | city=Bengaluru | api=api | status=200 | latency_ms=723 | attempt=1
2026-10-01 12:14:34 | INFO | city=Chennai | api=air-quality-api | status=200 | latency_ms=558 | attempt=1
2026-10-01 12:14:36 | INFO | city=Chennai | api=api | status=200 | latency_ms=407 | attempt=1
2026-10-01 12:14:36 | INFO | run_finished | records=4 | failed=0
2026-10-01 12:35:36 | INFO | run_started | cities=5 | offline=False
2026-10-01 12:35:39 | INFO | city=Hyderabad | api=air-quality-api | status=200 | latency_ms=272 | attempt=1
2026-10-01 12:35:40 | INFO | city=Hyderabad | api=api | status=200 | latency_ms=566 | attempt=1
2026-10-01 12:35:43 | INFO | city=Mumbai | api=air-quality-api | status=200 | latency_ms=502 | attempt=1
2026-10-01 12:35:45 | INFO | city=Mumbai | api=api | status=200 | latency_ms=899 | attempt=1
2026-10-01 12:35:48 | INFO | city=Delhi | api=air-quality-api | status=200 | latency_ms=687 | attempt=1
2026-10-01 12:35:51 | INFO | city=Delhi | api=api | status=200 | latency_ms=202 | attempt=1
2026-10-01 12:35:52 | INFO | city=Bengaluru | api=air-quality-api | status=200 | latency_ms=540 | attempt=1
2026-10-01 12:35:54 | INFO | city=Bengaluru | api=api | status=200 | latency_ms=261 | attempt=1
2026-10-01 12:35:57 | INFO | city=Chennai | api=air-quality-api | status=200 | latency_ms=617 | attempt=1
2026-10-01 12:35:58 | INFO | city=Chennai | api=api | status=200 | latency_ms=683 | attempt=1
2026-10-01 12:35:58 | INFO | run_finished | records=5 | failed=0
2026-10-01 13:00:58 | INFO | run_started | cities=5 | offline=False
2026-10-01 13:01:00 | INFO | city=Hyderabad | api=air-quality-api | status=200 | latency_ms=408 | attempt=1
2026-10-01 13:01:02 | INFO | city=Hyderabad | api=api | status=200 | latency_ms=876 | attempt=1
2026-10-01 13:01:05 | INFO | city=Mumbai | api=air-quality-api | status=200 | latency_ms=791 | attempt=1
2026-10-01 13:01:06 | INFO | city=Mumbai | api=api | status=200 | latency_ms=690 | attempt=1
2026-10-01 13:01:09 | INFO | city=Delhi | api=air-quality-api | status=200 | latency_ms=291 | attempt=1
2026-10-01 13:01:12 | INFO | city=Delhi | api=api | status=200 | latency_ms=332 | attempt=1
2026-10-01 13:01:15 | INFO | city=Bengaluru | api=air-quality-api | status=200 | latency_ms=629 | attempt=1
2026-10-01 13:01:18 | INFO | city=Bengaluru | api=api | status=200 | latency_ms=460 | attempt=1
2026-10-01 13:01:20 | INFO | city=Chennai | api=air-quality-api | status=200 | latency_ms=680 | attempt=1
2026-10-01 13:01:21 | INFO | city=Chennai | api=api | status=200 | latency_ms=298 | attempt=1
2026-10-01 13:01:21 | INFO | run_finished | records=5 | failed=0
2026-10-01 13:38:21 | INFO | run_started | cities=5 | offline=False
2026-10-01 13:38:22 | INFO | city=Hyderabad | api=air-quality-api | status=200 | latency_ms=497 | attempt=1
2026-10-01 13:38:24 | INFO | city=Hyderabad | api=api | status=200 | latency_ms=326 | attempt=1
2026-10-01 13:38:25 | INFO | city=Mumbai | api=air-quality-api | status=200 | latency_ms=542 | attempt=1
2026-10-01 13:38:27 | INFO | city=Mumbai | api=api | status=200 | latency_ms=656 | attempt=1
2026-10-01 13:38:28 | INFO | city=Delhi | api=air-quality-api | status=200 | latency_ms=466 | attempt=1
2026-10-01 13:38:29 | INFO | city=Delhi | api=api | status=200 | latency_ms=708 | attempt=1
2026-10-01 13:38:31 | INFO | city=Bengaluru | api=air-quality-api | status=200 | latency_ms=635 | attempt=1
2026-10-01 13:38:34 | INFO | city=Bengaluru | api=api | status=200 | latency_ms=341 | attempt=1
2026-10-01 13:38:35 | INFO | city=Chennai | api=air-quality-api | status=200 | latency_ms=374 | attempt=1
2026-10-01 13:38:37 | INFO | city=Chennai | api=api | status=200 | latency_ms=576 | attempt=1
2026-10-01 13:38:37 | INFO | run_finished | records=5 | failed=0
2026-10-01 14:07:37 | INFO | run_started | cities=5 | offline=False
2026-10-01 14:07:38 | INFO | city=Hyderabad | api=air-quality-api | status=200 | latency_ms=555 | attempt=1
2026-10-01 14:07:41 | INFO | city=Hyderabad | api=api | status=200 | latency_ms=604 | attempt=1
2026-10-01 14:07:44 | INFO | city=Mumbai | api=air-quality-api | status=200 | latency_ms=194 | attempt=1
2026-10-01 14:07:46 | INFO | city=Mumbai | api=api | status=200 | latency_ms=660 | attempt=1
2026-10-01 14:07:48 | INFO | city=Delhi | api=air-quality-api | status=200 | latency_ms=374 | attempt=1
2026-10-01 14:07:49 | INFO | city=Delhi | api=api | status=200 | latency_ms=275 | attempt=1
2026-10-01 14:07:52 | INFO | city=Bengaluru | api=air-quality-api | status=200 | latency_ms=231 | attempt=1
2026-10-01 14:07:55 | INFO | city=Bengaluru | api=api | status=200 | latency_ms=588 | attempt=1
2026-10-01 14:07:56 | INFO | city=Chennai | api=air-quality-api | status=200 | latency_ms=160 | attempt=1
2026-10-01 14:07:57 | INFO | city=Chennai | api=api | status=200 | latency_ms=358 | attempt=1
2026-10-01 14:07:57 | INFO | run_finished | records=4 | failed=0
2026-10-01 14:47:57 | INFO | run_started | cities=5 | offline=False
2026-10-01 14:48:00 | INFO | city=Hyderabad | api=air-quality-api | status=200 | latency_ms=251 | attempt=1
2026-10-01 14:48:03 | INFO | city=Hyderabad | api=api | status=200 | latency_ms=771 | attempt=1
2026-10-01 14:48:05 | INFO | city=Mumbai | api=air-quality-api | status=200 | latency_ms=234 | attempt=1
2026-10-01 14:48:06 | ERROR | city=Mumbai | api_call_failed | attempt=3 | error=ConnectionError
2026-10-01 14:48:09 | INFO | city=Delhi | api=air-quality-api | status=200 | latency_ms=387 | attempt=1
2026-10-01 14:48:10 | INFO | city=Delhi | api=api | status=200 | latency_ms=121 | attempt=1
2026-10-01 14:48:11 | INFO | city=Bengaluru | api=air-quality-api | status=200 | latency_ms=591 | attempt=1
2026-10-01 14:48:13 | INFO | city=Bengaluru | api=api | status=200 | latency_ms=780 | attempt=1
2026-10-01 14:48:14 | INFO | city=Chennai | api=air-quality-api | status=200 | latency_ms=360 | attempt=1
2026-10-01 14:48:17 | INFO | city=Chennai | api=api | status=200 | latency_ms=541 | attempt=1
2026-10-01 14:48:17 | INFO | run_finished | records=5 | failed=0
2026-10-01 15:09:17 | INFO | run_started | cities=5 | offline=False
2026-10-01 15:09:18 | INFO | city=Hyderabad | api=air-quality-api | status=200 | latency_ms=810 | attempt=1
2026-10-01 15:09:21 | INFO | city=Hyderabad | api=api | status=200 | latency_ms=383 | attempt=1
2026-10-01 15:09:22 | INFO | city=Mumbai | api=air-quality-api | status=200 | latency_ms=499 | attempt=1
2026-10-01 15:09:23 | INFO | city=Mumbai | api=api | status=200 | latency_ms=832 | attempt=1
2026-10-01 15:09:25 | INFO | city=Delhi | api=air-quality-api | status=200 | latency_ms=491 | attempt=1
2026-10-01 15:09:28 | INFO | city=Delhi | api=api | status=200 | latency_ms=126 | attempt=1
2026-10-01 15:09:30 | INFO | city=Bengaluru | api=air-quality-api | status=200 | latency_ms=636 | attempt=1
2026-10-01 15:09:31 | INFO | city=Bengaluru | api=api | status=200 | latency_ms=325 | attempt=1
2026-10-01 15:09:33 | INFO | city=Chennai | api=air-quality-api | status=200 | latency_ms=318 | attempt=1
2026-10-01 15:09:34 | INFO | city=Chennai | api=api | status=200 | latency_ms=391 | attempt=1
2026-10-01 15:09:34 | INFO | run_finished | records=5 | failed=0
2026-10-01 15:32:34 | INFO | run_started | cities=5 | offline=False
2026-10-01 15:32:37 | INFO | city=Hyderabad | api=air-quality-api | status=200 | latency_ms=311 | attempt=1
2026-10-01 15:32:38 | INFO | city=Hyderabad | api=api | status=200 | latency_ms=801 | attempt=1
2026-10-01 15:32:39 | INFO | city=Mumbai | api=air-quality-api | status=200 | latency_ms=269 | attempt=1
2026-10-01 15:32:41 | WARNING | city=Mumbai | api_call_failed | attempt=1 | error=Timeout
2026-10-01 15:32:44 | INFO | city=Delhi | api=air-quality-api | status=200 | latency_ms=173 | attempt=1
2026-10-01 15:32:47 | ERROR | city=Delhi | api_call_failed | attempt=3 | error=ConnectionError
2026-10-01 15:32:49 | INFO | city=Bengaluru | api=air-quality-api | status=200 | latency_ms=441 | attempt=1
2026-10-01 15:32:52 | INFO | city=Bengaluru | api=api | status=200 | latency_ms=201 | attempt=1
2026-10-01 15:32:53 | INFO | city=Chennai | api=air-quality-api | status=200 | latency_ms=309 | attempt=1
2026-10-01 15:32:56 | INFO | city=Chennai | api=api | status=200 | latency_ms=884 | attempt=1
2026-10-01 15:32:56 | INFO | run_finished | records=5 | failed=0
2026-10-01 15:53:56 | INFO | run_started | cities=5 | offline=False
2026-10-01 15:53:58 | INFO | city=Hyderabad | api=air-quality-api | status=200 | latency_ms=507 | attempt=1
2026-10-01 15:54:00 | INFO | city=Hyderabad | api=api | status=200 | latency_ms=573 | attempt=1
2026-10-01 15:54:01 | INFO | city=Mumbai | api=air-quality-api | status=200 | latency_ms=200 | attempt=1
2026-10-01 15:54:03 | INFO | city=Mumbai | api=api | status=429 | latency_ms=550 | attempt=1
2026-10-01 15:54:04 | INFO | city=Delhi | api=air-quality-api | status=200 | latency_ms=897 | attempt=1
2026-10-01 15:54:05 | INFO | city=Delhi | api=api | status=200 | latency_ms=436 | attempt=1
2026-10-01 15:54:07 | INFO | city=Bengaluru | api=air-quality-api | status=429 | latency_ms=842 | attempt=1
2026-10-01 15:54:09 | INFO | city=Bengaluru | api=api | status=200 | latency_ms=674 | attempt=1
2026-10-01 15:54:11 | INFO | city=Chennai | api=air-quality-api | status=200 | latency_ms=492 | attempt=1
2026-10-01 15:54:14 | INFO | city=Chennai | api=api | status=200 | latency_ms=151 | attempt=1
2026-10-01 15:54:14 | INFO | run_finished | records=5 | failed=0
2026-10-01 16:21:14 | INFO | run_started | cities=5 | offline=False
2026-10-01 16:21:17 | INFO | city=Hyderabad | api=air-quality-api | status=200 | latency_ms=161 | attempt=1
2026-10-01 16:21:19 | WARNING | city=Hyderabad | api_call_failed | attempt=1 | error=Timeout
2026-10-01 16:21:20 | INFO | city=Mumbai | api=air-quality-api | status=200 | latency_ms=885 | attempt=1
2026-10-01 16:21:21 | INFO | city=Mumbai | api=api | status=200 | latency_ms=467 | attempt=1
2026-10-01 16:21:23 | INFO | city=Delhi | api=air-quality-api | status=200 | latency_ms=751 | attempt=1
2026-10-01 16:21:24 | INFO | city=Delhi | api=api | status=200 | latency_ms=853 | attempt=1
2026-10-01 16:21:27 | INFO | city=Bengaluru | api=air-quality-api | status=200 | latency_ms=402 | attempt=1
2026-10-01 16:21:29 | WARNING | city=Bengaluru | api_call_failed | attempt=1 | error=Timeout
2026-10-01 16:21:32 | INFO | city=Chennai | api=air-quality-api | status=200 | latency_ms=769 | attempt=1
2026-10-01 16:21:33 | WARNING | city=Chennai | api_call_failed | attempt=1 | error=Timeout
2026-10-01 16:21:33 | INFO | run_finished | records=4 | failed=0
2026-10-01 16:56:33 | INFO | run_started | cities=5 | offline=False
2026-10-01 16:56:36 | INFO | city=Hyderabad | api=air-quality-api | status=200 | latency_ms=515 | attempt=1
2026-10-01 16:56:38 | INFO | city=Hyderabad | api=api | status=200 | latency_ms=625 | attempt=1
2026-10-01 16:56:39 | INFO | city=Mumbai | api=air-quality-api | status=200 | latency_ms=307 | attempt=1
2026-10-01 16:56:40 | INFO | city=Mumbai | api=api | status=200 | latency_ms=876 | attempt=1
2026-10-01 16:56:42 | INFO | city=Delhi | api=air-quality-api | status=200 | latency_ms=274 | attempt=1
2026-10-01 16:56:45 | INFO | city=Delhi | api=api | status=200 | latency_ms=447 | attempt=1
2026-10-01 16:56:47 | INFO | city=Bengaluru | api=air-quality-api | status=200 | latency_ms=730 | attempt=1
2026-10-01 16:56:48 | INFO | city=Bengaluru | api=api | status=200 | latency_ms=521 | attempt=1
2026-10-01 16:56:49 | INFO | city=Chennai | api=air-quality-api | status=200 | latency_ms=186 | attempt=1
2026-10-01 16:56:52 | WARNING | city=Chennai | api_call_failed | attempt=1 | error=Timeout
2026-10-01 16:56:52 | INFO | run_finished | records=5 | failed=0
2026-10-01 17:21:52 | INFO | run_started | cities=5 | offline=False
2026-10-01 17:21:54 | INFO | city=Hyderabad | api=air-quality-api | status=200 | latency_ms=193 | attempt=1
2026-10-01 17:21:56 | INFO | city=Hyderabad | api=api | status=200 | latency_ms=333 | attempt=1
2026-10-01 17:21:57 | INFO | city=Mumbai | api=air-quality-api | status=200 | latency_ms=846 | attempt=1
2026-10-01 17:21:59 | INFO | city=Mumbai | api=api | status=200 | latency_ms=256 | attempt=1
2026-10-01 17:22:01 | INFO | city=Delhi | api=air-quality-api | status=200 | latency_ms=810 | attempt=1
2026-10-01 17:22:02 | INFO | city=Delhi | api=api | status=200 | latency_ms=800 | attempt=1
2026-10-01 17:22:03 | INFO | city=Bengaluru | api=air-quality-api | status=200 | latency_ms=420 | attempt=1
2026-10-01 17:22:05 | INFO | city=Bengaluru | api=api | status=200 | latency_ms=394 | attempt=1
2026-10-01 17:22:07 | INFO | city=Chennai | api=air-quality-api | status=200 | latency_ms=386 | attempt=1
2026-10-01 17:22:08 | INFO | city=Chennai | api=api | status=200 | latency_ms=310 | attempt=1
2026-10-01 17:22:08 | INFO | run_finished | records=5 | failed=0
2026-10-01 17:49:08 | INFO | run_started | cities=5 | offline=False
2026-10-01 17:49:09 | INFO | city=Hyderabad | api=air-quality-api | status=200 | latency_ms=712 | attempt=1
2026-10-01 17:49:10 | INFO | city=Hyderabad | api=api | status=200 | latency_ms=525 | attempt=1
2026-10-01 17:49:12 | INFO | city=Mumbai | api=air-quality-api | status=200 | latency_ms=639 | attempt=1
2026-10-01 17:49:15 | INFO | city=Mumbai | api=api | status=200 | latency_ms=222 | attempt=1
2026-10-01 17:49:18 | INFO | city=Delhi | api=air-quality-api | status=200 | latency_ms=157 | attempt=1
2026-10-01 17:49:19 | WARNING | city=Delhi | api_call_failed | attempt=1 | error=Timeout
2026-10-01 17:49:21 | INFO | city=Bengaluru | api=air-quality-api | status=200 | latency_ms=161 | attempt=1
2026-10-01 17:49:23 | INFO | city=Bengaluru | api=api | status=200 | latency_ms=171 | attempt=1
2026-10-01 17:49:24 | INFO | city=Chennai | api=air-quality-api | status=200 | latency_ms=717 | attempt=1
2026-10-01 17:49:25 | INFO | city=Chennai | api=api | status=200 | latency_ms=501 | attempt=1
2026-10-01 17:49:25 | INFO | run_finished | records=5 | failed=0
2026-10-01 18:23:25 | INFO | run_started | cities=5 | offline=False
2026-10-01 18:23:28 | INFO | city=Hyderabad | api=air-quality-api | status=200 | latency_ms=800 | attempt=1
2026-10-01 18:23:29 | INFO | city=Hyderabad | api=api | status=200 | latency_ms=730 | attempt=1
2026-10-01 18:23:32 | INFO | city=Mumbai | api=air-quality-api | status=200 | latency_ms=342 | attempt=1
2026-10-01 18:23:33 | INFO | city=Mumbai | api=api | status=200 | latency_ms=264 | attempt=1
2026-10-01 18:23:34 | INFO | city=Delhi | api=air-quality-api | status=200 | latency_ms=381 | attempt=1
2026-10-01 18:23:35 | INFO | city=Delhi | api=api | status=200 | latency_ms=787 | attempt=1
2026-10-01 18:23:36 | INFO | city=Bengaluru | api=air-quality-api | status=200 | latency_ms=455 | attempt=1
2026-10-01 18:23:38 | INFO | city=Bengaluru | api=api | status=200 | latency_ms=309 | attempt=1
2026-10-01 18:23:41 | INFO | city=Chennai | api=air-quality-api | status=200 | latency_ms=328 | attempt=1
2026-10-01 18:23:42 | INFO | city=Chennai | api=api | status=200 | latency_ms=681 | attempt=1
2026-10-01 18:23:42 | INFO | run_finished | records=5 | failed=0
2026-10-01 18:45:42 | INFO | run_started | cities=5 | offline=False
2026-10-01 18:45:44 | INFO | city=Hyderabad | api=air-quality-api | status=200 | latency_ms=524 | attempt=1
2026-10-01 18:45:47 | INFO | city=Hyderabad | api=api | status=200 | latency_ms=774 | attempt=1
2026-10-01 18:45:50 | INFO | city=Mumbai | api=air-quality-api | status=429 | latency_ms=287 | attempt=1
2026-10-01 18:45:52 | INFO | city=Mumbai | api=api | status=200 | latency_ms=539 | attempt=1
2026-10-01 18:45:54 | INFO | city=Delhi | api=air-quality-api | status=200 | latency_ms=547 | attempt=1
2026-10-01 18:45:55 | INFO | city=Delhi | api=api | status=200 | latency_ms=700 | attempt=1
2026-10-01 18:45:57 | INFO | city=Bengaluru | api=air-quality-api | status=200 | latency_ms=138 | attempt=1
2026-10-01 18:45:59 | INFO | city=Bengaluru | api=api | status=200 | latency_ms=520 | attempt=1
2026-10-01 18:46:02 | INFO | city=Chennai | api=air-quality-api | status=200 | latency_ms=126 | attempt=1
2026-10-01 18:46:04 | INFO | city=Chennai | api=api | status=200 | latency_ms=553 | attempt=1
2026-10-01 18:46:04 | INFO | run_finished | records=4 | failed=0
2026-10-01 19:08:04 | INFO | run_started | cities=5 | offline=False
2026-10-01 19:08:06 | INFO | city=Hyderabad | api=air-quality-api | status=200 | latency_ms=493 | attempt=1
2026-10-01 19:08:08 | INFO | city=Hyderabad | api=api | status=200 | latency_ms=253 | attempt=1
2026-10-01 19:08:09 | WARNING | city=Mumbai | api_call_failed | attempt=1 | error=Timeout
2026-10-01 19:08:12 | INFO | city=Mumbai | api=api | status=200 | latency_ms=526 | attempt=1
2026-10-01 19:08:13 | INFO | city=Delhi | api=air-quality-api | status=200 | latency_ms=499 | attempt=1
2026-10-01 19:08:16 | INFO | city=Delhi | api=api | status=200 | latency_ms=269 | attempt=1
2026-10-01 19:08:18 | INFO | city=Bengaluru | api=air-quality-api | status=200 | latency_ms=653 | attempt=1
2026-10-01 19:08:19 | INFO | city=Bengaluru | api=api | status=200 | latency_ms=231 | attempt=1
2026-10-01 19:08:21 | INFO | city=Chennai | api=air-quality-api | status=200 | latency_ms=322 | attempt=1
2026-10-01 19:08:23 | INFO | city=Chennai | api=api | status=200 | latency_ms=164 | attempt=1
2026-10-01 19:08:23 | INFO | run_finished | records=5 | failed=0
2026-10-01 19:38:23 | INFO | run_started | cities=5 | offline=False
2026-10-01 19:38:24 | INFO | city=Hyderabad | api=air-quality-api | status=200 | latency_ms=771 | attempt=1
2026-10-01 19:38:26 | INFO | city=Hyderabad | api=api | status=429 | latency_ms=849 | attempt=1
2026-10-01 19:38:29 | INFO | city=Mumbai | api=air-quality-api | status=200 | latency_ms=284 | attempt=1
2026-10-01 19:38:32 | INFO | city=Mumbai | api=api | status=200 | latency_ms=347 | attempt=1
2026-10-01 19:38:35 | INFO | city=Delhi | api=air-quality-api | status=200 | latency_ms=320 | attempt=1
2026-10-01 19:38:37 | INFO | city=Delhi | api=api | status=200 | latency_ms=343 | attempt=1
2026-10-01 19:38:38 | INFO | city=Bengaluru | api=air-quality-api | status=200 | latency_ms=650 | attempt=1
2026-10-01 19:38:39 | INFO | city=Bengaluru | api=api | status=200 | latency_ms=246 | attempt=1
2026-10-01 19:38:40 | INFO | city=Chennai | api=air-quality-api | status=200 | latency_ms=862 | attempt=1
2026-10-01 19:38:41 | WARNING | city=Chennai | api_call_failed | attempt=1 | error=Timeout
2026-10-01 19:38:41 | INFO | run_finished | records=4 | failed=0
2026-10-01 20:08:41 | INFO | run_started | cities=5 | offline=False
2026-10-01 20:08:42 | INFO | city=Hyderabad | api=air-quality-api | status=200 | latency_ms=586 | attempt=1
2026-10-01 20:08:45 | INFO | city=Hyderabad | api=api | status=200 | latency_ms=433 | attempt=1
2026-10-01 20:08:48 | INFO | city=Mumbai | api=air-quality-api | status=200 | latency_ms=716 | attempt=1
2026-10-01 20:08:49 | INFO | city=Mumbai | api=api | status=200 | latency_ms=794 | attempt=1
2026-10-01 20:08:51 | INFO | city=Delhi | api=air-quality-api | status=200 | latency_ms=568 | attempt=1
2026-10-01 20:08:52 | WARNING | city=Delhi | api_call_failed | attempt=1 | error=Timeout
2026-10-01 20:08:54 | INFO | city=Bengaluru | api=air-quality-api | status=200 | latency_ms=577 | attempt=1
2026-10-01 20:08:57 | INFO | city=Bengaluru | api=api | status=200 | latency_ms=589 | attempt=1
2026-10-01 20:08:58 | INFO | city=Chennai | api=air-quality-api | status=200 | latency_ms=529 | attempt=1
2026-10-01 20:08:59 | ERROR | city=Chennai | api_call_failed | attempt=3 | error=ConnectionError
2026-10-01 20:08:59 | INFO | run_finished | records=5 | failed=0
2026-10-01 20:39:59 | INFO | run_started | cities=5 | offline=False
2026-10-01 20:40:00 | INFO | city=Hyderabad | api=air-quality-api | status=200 | latency_ms=636 | attempt=1
2026-10-01 20:40:03 | INFO | city=Hyderabad | api=api | status=200 | latency_ms=161 | attempt=1
2026-10-01 20:40:06 | INFO | city=Mumbai | api=air-quality-api | status=200 | latency_ms=871 | attempt=1
2026-10-01 20:40:08 | INFO | city=Mumbai | api=api | status=200 | latency_ms=643 | attempt=1
2026-10-01 20:40:09 | WARNING | city=Delhi | api_call_failed | attempt=1 | error=Timeout
2026-10-01 20:40:11 | INFO | city=Delhi | api=api | status=200 | latency_ms=259 | attempt=1
2026-10-01 20:40:12 | INFO | city=Bengaluru | api=air-quality-api | status=200 | latency_ms=748 | attempt=1
2026-10-01 20:40:15 | INFO | city=Bengaluru | api=api | status=200 | latency_ms=232 | attempt=1
2026-10-01 20:40:16 | INFO | city=Chennai | api=air-quality-api | status=200 | latency_ms=623 | attempt=1
2026-10-01 20:40:18 | INFO | city=Chennai | api=api | status=200 | latency_ms=289 | attempt=1
2026-10-01 20:40:18 | INFO | run_finished | records=5 | failed=0
2026-10-01 21:02:18 | INFO | run_started | cities=5 | offline=False
2026-10-01 21:02:20 | INFO | city=Hyderabad | api=air-quality-api | status=200 | latency_ms=378 | attempt=1
2026-10-01 21:02:21 | INFO | city=Hyderabad | api=api | status=200 | latency_ms=748 | attempt=1
2026-10-01 21:02:23 | INFO | city=Mumbai | api=air-quality-api | status=200 | latency_ms=587 | attempt=1
2026-10-01 21:02:24 | INFO | city=Mumbai | api=api | status=200 | latency_ms=611 | attempt=1
2026-10-01 21:02:25 | INFO | city=Delhi | api=air-quality-api | status=200 | latency_ms=750 | attempt=1
2026-10-01 21:02:28 | INFO | city=Delhi | api=api | status=200 | latency_ms=501 | attempt=1
2026-10-01 21:02:29 | INFO | city=Bengaluru | api=air-quality-api | status=200 | latency_ms=533 | attempt=1
2026-10-01 21:02:30 | INFO | city=Bengaluru | api=api | status=200 | latency_ms=404 | attempt=1
2026-10-01 21:02:33 | INFO | city=Chennai | api=air-quality-api | status=200 | latency_ms=505 | attempt=1
2026-10-01 21:02:34 | INFO | city=Chennai | api=api | status=200 | latency_ms=390 | attempt=1
2026-10-01 21:02:34 | INFO | run_finished | records=4 | failed=0
2026-10-01 21:38:34 | INFO | run_started | cities=5 | offline=False
2026-10-01 21:38:35 | INFO | city=Hyderabad | api=air-quality-api | status=200 | latency_ms=488 | attempt=1
2026-10-01 21:38:37 | INFO | city=Hyderabad | api=api | status=200 | latency_ms=713 | attempt=1
2026-10-01 21:38:40 | INFO | city=Mumbai | api=air-quality-api | status=200 | latency_ms=227 | attempt=1
2026-10-01 21:38:42 | INFO | city=Mumbai | api=api | status=200 | latency_ms=764 | attempt=1
2026-10-01 21:38:44 | INFO | city=Delhi | api=air-quality-api | status=200 | latency_ms=500 | attempt=1
2026-10-01 21:38:46 | INFO | city=Delhi | api=api | status=200 | latency_ms=497 | attempt=1
2026-10-01 21:38:49 | INFO | city=Bengaluru | api=air-quality-api | status=200 | latency_ms=458 | attempt=1
2026-10-01 21:38:50 | INFO | city=Bengaluru | api=api | status=200 | latency_ms=300 | attempt=1
2026-10-01 21:38:53 | INFO | city=Chennai | api=air-quality-api | status=200 | latency_ms=169 | attempt=1
2026-10-01 21:38:55 | INFO | city=Chennai | api=api | status=200 | latency_ms=379 | attempt=1
2026-10-01 21:38:55 | INFO | run_finished | records=5 | failed=0
2026-10-01 22:18:55 | INFO | run_started | cities=5 | offline=False
2026-10-01 22:18:58 | INFO | city=Hyderabad | api=air-quality-api | status=200 | latency_ms=440 | attempt=1
2026-10-01 22:19:01 | WARNING | city=Hyderabad | api_call_failed | attempt=1 | error=Timeout
2026-10-01 22:19:02 | INFO | city=Mumbai | api=air-quality-api | status=200 | latency_ms=750 | attempt=1
2026-10-01 22:19:05 | INFO | city=Mumbai | api=api | status=200 | latency_ms=644 | attempt=1
2026-10-01 22:19:07 | INFO | city=Delhi | api=air-quality-api | status=200 | latency_ms=255 | attempt=1
2026-10-01 22:19:09 | INFO | city=Delhi | api=api | status=200 | latency_ms=788 | attempt=1
2026-10-01 22:19:10 | WARNING | city=Bengaluru | api_call_failed | attempt=1 | error=Timeout
2026-10-01 22:19:13 | INFO | city=Bengaluru | api=api | status=200 | latency_ms=228 | attempt=1
2026-10-01 22:19:16 | INFO | city=Chennai | api=air-quality-api | status=200 | latency_ms=349 | attempt=1
2026-10-01 22:19:18 | INFO | city=Chennai | api=api | status=200 | latency_ms=723 | attempt=1
2026-10-01 22:19:18 | INFO | run_finished | records=5 | failed=0
2026-10-01 22:45:18 | INFO | run_started | cities=5 | offline=False
2026-10-01 22:45:20 | INFO | city=Hyderabad | api=air-quality-api | status=200 | latency_ms=606 | attempt=1
2026-10-01 22:45:21 | INFO | city=Hyderabad | api=api | status=200 | latency_ms=369 | attempt=1
2026-10-01 22:45:24 | INFO | city=Mumbai | api=air-quality-api | status=200 | latency_ms=218 | attempt=1
2026-10-01 22:45:25 | INFO | city=Mumbai | api=api | status=200 | latency_ms=801 | attempt=1
2026-10-01 22:45:27 | INFO | city=Delhi | api=air-quality-api | status=200 | latency_ms=390 | attempt=1
2026-10-01 22:45:28 | WARNING | city=Delhi | api_call_failed | attempt=1 | error=Timeout
2026-10-01 22:45:30 | INFO | city=Bengaluru | api=air-quality-api | status=200 | latency_ms=712 | attempt=1
2026-10-01 22:45:32 | INFO | city=Bengaluru | api=api | status=200 | latency_ms=650 | attempt=1
2026-10-01 22:45:35 | INFO | city=Chennai | api=air-quality-api | status=200 | latency_ms=289 | attempt=1
2026-10-01 22:45:36 | WARNING | city=Chennai | api_call_failed | attempt=1 | error=Timeout
2026-10-01 22:45:36 | INFO | run_finished | records=4 | failed=0
2026-10-01 23:17:36 | INFO | run_started | cities=5 | offline=False
2026-10-01 23:17:37 | INFO | city=Hyderabad | api=air-quality-api | status=200 | latency_ms=179 | attempt=1
2026-10-01 23:17:38 | WARNING | city=Hyderabad | api_call_failed | attempt=1 | error=Timeout
2026-10-01 23:17:41 | INFO | city=Mumbai | api=air-quality-api | status=200 | latency_ms=265 | attempt=1
2026-10-01 23:17:43 | INFO | city=Mumbai | api=api | status=200 | latency_ms=742 | attempt=1
2026-10-01 23:17:46 | INFO | city=Delhi | api=air-quality-api | status=200 | latency_ms=776 | attempt=1
2026-10-01 23:17:48 | INFO | city=Delhi | api=api | status=200 | latency_ms=298 | attempt=1
2026-10-01 23:17:51 | INFO | city=Bengaluru | api=air-quality-api | status=200 | latency_ms=427 | attempt=1
2026-10-01 23:17:54 | WARNING | city=Bengaluru | api_call_failed | attempt=1 | error=Timeout
2026-10-01 23:17:56 | INFO | city=Chennai | api=air-quality-api | status=200 | latency_ms=126 | attempt=1
2026-10-01 23:17:58 | INFO | city=Chennai | api=api | status=200 | latency_ms=883 | attempt=1
2026-10-01 23:17:58 | INFO | run_finished | records=5 | failed=0
2026-10-01 23:39:58 | INFO | run_started | cities=5 | offline=False
2026-10-01 23:40:01 | INFO | city=Hyderabad | api=air-quality-api | status=200 | latency_ms=299 | attempt=1
2026-10-01 23:40:02 | INFO | city=Hyderabad | api=api | status=200 | latency_ms=387 | attempt=1
2026-10-01 23:40:03 | INFO | city=Mumbai | api=air-quality-api | status=200 | latency_ms=246 | attempt=1
2026-10-01 23:40:05 | INFO | city=Mumbai | api=api | status=200 | latency_ms=831 | attempt=1
2026-10-01 23:40:07 | INFO | city=Delhi | api=air-quality-api | status=200 | latency_ms=392 | attempt=1
2026-10-01 23:40:10 | INFO | city=Delhi | api=api | status=200 | latency_ms=566 | attempt=1
2026-10-01 23:40:13 | INFO | city=Bengaluru | api=air-quality-api | status=200 | latency_ms=655 | attempt=1
2026-10-01 23:40:15 | INFO | city=Bengaluru | api=api | status=200 | latency_ms=342 | attempt=1
2026-10-01 23:40:16 | INFO | city=Chennai | api=air-quality-api | status=200 | latency_ms=135 | attempt=1
2026-10-01 23:40:17 | INFO | city=Chennai | api=api | status=200 | latency_ms=361 | attempt=1
2026-10-01 23:40:17 | INFO | run_finished | records=5 | failed=0
2026-10-02 00:05:17 | INFO | run_started | cities=5 | offline=False
2026-10-02 00:05:20 | INFO | city=Hyderabad | api=air-quality-api | status=200 | latency_ms=316 | attempt=1
2026-10-02 00:05:22 | INFO | city=Hyderabad | api=api | status=200 | latency_ms=364 | attempt=1
2026-10-02 00:05:24 | INFO | city=Mumbai | api=air-quality-api | status=200 | latency_ms=765 | attempt=1
2026-10-02 00:05:27 | INFO | city=Mumbai | api=api | status=200 | latency_ms=669 | attempt=1
2026-10-02 00:05:29 | INFO | city=Delhi | api=air-quality-api | status=200 | latency_ms=663 | attempt=1
2026-10-02 00:05:32 | WARNING | city=Delhi | api_call_failed | attempt=1 | error=Timeout
2026-10-02 00:05:34 | INFO | city=Bengaluru | api=air-quality-api | status=200 | latency_ms=359 | attempt=1
2026-10-02 00:05:37 | INFO | city=Bengaluru | api=api | status=200 | latency_ms=337 | attempt=1
2026-10-02 00:05:39 | INFO | city=Chennai | api=air-quality-api | status=200 | latency_ms=199 | attempt=1
2026-10-02 00:05:42 | INFO | city=Chennai | api=api | status=200 | latency_ms=268 | attempt=1
2026-10-02 00:05:42 | INFO | run_finished | records=4 | failed=0
2026-10-02 00:25:42 | INFO | run_started | cities=5 | offline=False
2026-10-02 00:25:43 | INFO | city=Hyderabad | api=air-quality-api | status=200 | latency_ms=285 | attempt=1
2026-10-02 00:25:45 | INFO | city=Hyderabad | api=api | status=200 | latency_ms=837 | attempt=1
2026-10-02 00:25:46 | WARNING | city=Mumbai | api_call_failed | attempt=1 | error=Timeout
2026-10-02 00:25:49 | INFO | city=Mumbai | api=api | status=200 | latency_ms=163 | attempt=1
2026-10-02 00:25:52 | ERROR | city=Delhi | api_call_failed | attempt=3 | error=ConnectionError
2026-10-02 00:25:53 | INFO | city=Delhi | api=api | status=200 | latency_ms=900 | attempt=1
2026-10-02 00:25:55 | INFO | city=Bengaluru | api=air-quality-api | status=200 | latency_ms=666 | attempt=1
2026-10-02 00:25:58 | ERROR | city=Bengaluru | api_call_failed | attempt=3 | error=ConnectionError
2026-10-02 00:26:01 | INFO | city=Chennai | api=air-quality-api | status=200 | latency_ms=229 | attempt=1
2026-10-02 00:26:02 | INFO | city=Chennai | api=api | status=200 | latency_ms=234 | attempt=1
2026-10-02 00:26:02 | INFO | run_finished | records=4 | failed=0
2026-10-02 00:47:02 | INFO | run_started | cities=5 | offline=False
2026-10-02 00:47:05 | INFO | city=Hyderabad | api=air-quality-api | status=429 | latency_ms=889 | attempt=1
2026-10-02 00:47:08 | INFO | city=Hyderabad | api=api | status=200 | latency_ms=608 | attempt=1
2026-10-02 00:47:09 | INFO | city=Mumbai | api=air-quality-api | status=200 | latency_ms=895 | attempt=1
2026-10-02 00:47:12 | INFO | city=Mumbai | api=api | status=200 | latency_ms=446 | attempt=1
2026-10-02 00:47:14 | INFO | city=Delhi | api=air-quality-api | status=200 | latency_ms=141 | attempt=1
2026-10-02 00:47:16 | INFO | city=Delhi | api=api | status=200 | latency_ms=409 | attempt=1
2026-10-02 00:47:17 | INFO | city=Bengaluru | api=air-quality-api | status=200 | latency_ms=496 | attempt=1
2026-10-02 00:47:19 | INFO | city=Bengaluru | api=api | status=200 | latency_ms=736 | attempt=1
2026-10-02 00:47:22 | INFO | city=Chennai | api=air-quality-api | status=200 | latency_ms=414 | attempt=1
2026-10-02 00:47:25 | INFO | city=Chennai | api=api | status=200 | latency_ms=542 | attempt=1
2026-10-02 00:47:25 | INFO | run_finished | records=4 | failed=0
2026-10-02 01:20:25 | INFO | run_started | cities=5 | offline=False
2026-10-02 01:20:28 | INFO | city=Hyderabad | api=air-quality-api | status=200 | latency_ms=475 | attempt=1
2026-10-02 01:20:30 | INFO | city=Hyderabad | api=api | status=200 | latency_ms=670 | attempt=1
2026-10-02 01:20:33 | INFO | city=Mumbai | api=air-quality-api | status=200 | latency_ms=213 | attempt=1
2026-10-02 01:20:36 | INFO | city=Mumbai | api=api | status=200 | latency_ms=294 | attempt=1
2026-10-02 01:20:38 | WARNING | city=Delhi | api_call_failed | attempt=1 | error=Timeout
2026-10-02 01:20:40 | INFO | city=Delhi | api=api | status=200 | latency_ms=175 | attempt=1
2026-10-02 01:20:41 | INFO | city=Bengaluru | api=air-quality-api | status=200 | latency_ms=217 | attempt=1
2026-10-02 01:20:43 | INFO | city=Bengaluru | api=api | status=200 | latency_ms=308 | attempt=1
2026-10-02 01:20:45 | INFO | city=Chennai | api=air-quality-api | status=200 | latency_ms=647 | attempt=1
2026-10-02 01:20:47 | INFO | city=Chennai | api=api | status=200 | latency_ms=282 | attempt=1
2026-10-02 01:20:47 | INFO | run_finished | records=5 | failed=0
2026-10-02 01:46:47 | INFO | run_started | cities=5 | offline=False
2026-10-02 01:46:50 | INFO | city=Hyderabad | api=air-quality-api | status=200 | latency_ms=289 | attempt=1
2026-10-02 01:46:51 | INFO | city=Hyderabad | api=api | status=200 | latency_ms=202 | attempt=1
2026-10-02 01:46:53 | INFO | city=Mumbai | api=air-quality-api | status=200 | latency_ms=833 | attempt=1
2026-10-02 01:46:56 | INFO | city=Mumbai | api=api | status=200 | latency_ms=763 | attempt=1
2026-10-02 01:46:58 | INFO | city=Delhi | api=air-quality-api | status=200 | latency_ms=530 | attempt=1
2026-10-02 01:47:00 | INFO | city=Delhi | api=api | status=200 | latency_ms=883 | attempt=1
2026-10-02 01:47:01 | INFO | city=Bengaluru | api=air-quality-api | status=200 | latency_ms=781 | attempt=1
2026-10-02 01:47:02 | INFO | city=Bengaluru | api=api | status=200 | latency_ms=430 | attempt=1
2026-10-02 01:47:04 | INFO | city=Chennai | api=air-quality-api | status=200 | latency_ms=678 | attempt=1
2026-10-02 01:47:07 | INFO | city=Chennai | api=api | status=200 | latency_ms=765 | attempt=1
2026-10-02 01:47:07 | INFO | run_finished | records=5 | failed=0
2026-10-02 02:21:07 | INFO | run_started | cities=5 | offline=False
2026-10-02 02:21:08 | INFO | city=Hyderabad | api=air-quality-api | status=200 | latency_ms=892 | attempt=1
2026-10-02 02:21:11 | INFO | city=Hyderabad | api=api | status=200 | latency_ms=781 | attempt=1
2026-10-02 02:21:12 | INFO | city=Mumbai | api=air-quality-api | status=200 | latency_ms=454 | attempt=1
2026-10-02 02:21:15 | INFO | city=Mumbai | api=api | status=200 | latency_ms=581 | attempt=1
2026-10-02 02:21:18 | INFO | city=Delhi | api=air-quality-api | status=200 | latency_ms=451 | attempt=1
2026-10-02 02:21:19 | INFO | city=Delhi | api=api | status=200 | latency_ms=825 | attempt=1
2026-10-02 02:21:21 | INFO | city=Bengaluru | api=air-quality-api | status=200 | latency_ms=249 | attempt=1
2026-10-02 02:21:23 | INFO | city=Bengaluru | api=api | status=200 | latency_ms=833 | attempt=1
2026-10-02 02:21:24 | INFO | city=Chennai | api=air-quality-api | status=200 | latency_ms=393 | attempt=1
2026-10-02 02:21:26 | INFO | city=Chennai | api=api | status=200 | latency_ms=752 | attempt=1
2026-10-02 02:21:26 | INFO | run_finished | records=5 | failed=0
2026-10-02 02:45:26 | INFO | run_started | cities=5 | offline=False
2026-10-02 02:45:27 | INFO | city=Hyderabad | api=air-quality-api | status=200 | latency_ms=737 | attempt=1
2026-10-02 02:45:30 | INFO | city=Hyderabad | api=api | status=200 | latency_ms=361 | attempt=1
2026-10-02 02:45:32 | INFO | city=Mumbai | api=air-quality-api | status=200 | latency_ms=384 | attempt=1
2026-10-02 02:45:35 | INFO | city=Mumbai | api=api | status=200 | latency_ms=288 | attempt=1
2026-10-02 02:45:38 | INFO | city=Delhi | api=air-quality-api | status=200 | latency_ms=513 | attempt=1
2026-10-02 02:45:39 | INFO | city=Delhi | api=api | status=200 | latency_ms=429 | attempt=1
2026-10-02 02:45:42 | INFO | city=Bengaluru | api=air-quality-api | status=200 | latency_ms=400 | attempt=1
2026-10-02 02:45:43 | INFO | city=Bengaluru | api=api | status=200 | latency_ms=229 | attempt=1
2026-10-02 02:45:45 | INFO | city=Chennai | api=air-quality-api | status=200 | latency_ms=517 | attempt=1
2026-10-02 02:45:47 | WARNING | city=Chennai | api_call_failed | attempt=1 | error=Timeout
2026-10-02 02:45:47 | INFO | run_finished | records=5 | failed=0
2026-10-02 03:12:47 | INFO | run_started | cities=5 | offline=False
2026-10-02 03:12:50 | INFO | city=Hyderabad | api=air-quality-api | status=200 | latency_ms=423 | attempt=1
2026-10-02 03:12:52 | WARNING | city=Hyderabad | api_call_failed | attempt=1 | error=Timeout
2026-10-02 03:12:55 | INFO | city=Mumbai | api=air-quality-api | status=200 | latency_ms=125 | attempt=1
2026-10-02 03:12:58 | INFO | city=Mumbai | api=api | status=200 | latency_ms=560 | attempt=1
2026-10-02 03:13:01 | INFO | city=Delhi | api=air-quality-api | status=200 | latency_ms=887 | attempt=1
2026-10-02 03:13:04 | INFO | city=Delhi | api=api | status=200 | latency_ms=354 | attempt=1
2026-10-02 03:13:07 | INFO | city=Bengaluru | api=air-quality-api | status=200 | latency_ms=777 | attempt=1
2026-10-02 03:13:10 | INFO | city=Bengaluru | api=api | status=200 | latency_ms=354 | attempt=1
2026-10-02 03:13:13 | INFO | city=Chennai | api=air-quality-api | status=200 | latency_ms=247 | attempt=1
2026-10-02 03:13:15 | INFO | city=Chennai | api=api | status=200 | latency_ms=386 | attempt=1
2026-10-02 03:13:15 | INFO | run_finished | records=4 | failed=0
2026-10-02 03:46:15 | INFO | run_started | cities=5 | offline=False
2026-10-02 03:46:16 | INFO | city=Hyderabad | api=air-quality-api | status=200 | latency_ms=850 | attempt=1
2026-10-02 03:46:19 | INFO | city=Hyderabad | api=api | status=200 | latency_ms=376 | attempt=1
2026-10-02 03:46:21 | INFO | city=Mumbai | api=air-quality-api | status=200 | latency_ms=140 | attempt=1
2026-10-02 03:46:24 | INFO | city=Mumbai | api=api | status=200 | latency_ms=650 | attempt=1
2026-10-02 03:46:27 | INFO | city=Delhi | api=air-quality-api | status=200 | latency_ms=307 | attempt=1
2026-10-02 03:46:30 | INFO | city=Delhi | api=api | status=200 | latency_ms=130 | attempt=1
2026-10-02 03:46:32 | INFO | city=Bengaluru | api=air-quality-api | status=200 | latency_ms=228 | attempt=1
2026-10-02 03:46:33 | INFO | city=Bengaluru | api=api | status=200 | latency_ms=343 | attempt=1
2026-10-02 03:46:34 | INFO | city=Chennai | api=air-quality-api | status=200 | latency_ms=324 | attempt=1
2026-10-02 03:46:37 | INFO | city=Chennai | api=api | status=200 | latency_ms=708 | attempt=1
2026-10-02 03:46:37 | INFO | run_finished | records=5 | failed=0
2026-10-02 04:23:37 | INFO | run_started | cities=5 | offline=False
2026-10-02 04:23:38 | INFO | city=Hyderabad | api=air-quality-api | status=200 | latency_ms=644 | attempt=1
2026-10-02 04:23:39 | INFO | city=Hyderabad | api=api | status=200 | latency_ms=498 | attempt=1
2026-10-02 04:23:42 | INFO | city=Mumbai | api=air-quality-api | status=200 | latency_ms=879 | attempt=1
2026-10-02 04:23:44 | INFO | city=Mumbai | api=api | status=200 | latency_ms=820 | attempt=1
2026-10-02 04:23:45 | INFO | city=Delhi | api=air-quality-api | status=200 | latency_ms=245 | attempt=1
2026-10-02 04:23:48 | INFO | city=Delhi | api=api | status=200 | latency_ms=484 | attempt=1
2026-10-02 04:23:51 | WARNING | city=Bengaluru | api_call_failed | attempt=1 | error=Timeout
2026-10-02 04:23:53 | INFO | city=Bengaluru | api=api | status=200 | latency_ms=133 | attempt=1
2026-10-02 04:23:54 | INFO | city=Chennai | api=air-quality-api | status=200 | latency_ms=550 | attempt=1
2026-10-02 04:23:57 | INFO | city=Chennai | api=api | status=200 | latency_ms=480 | attempt=1
2026-10-02 04:23:57 | INFO | run_finished | records=5 | failed=0
2026-10-02 04:46:57 | INFO | run_started | cities=5 | offline=False
2026-10-02 04:46:58 | INFO | city=Hyderabad | api=air-quality-api | status=200 | latency_ms=530 | attempt=1
2026-10-02 04:47:01 | INFO | city=Hyderabad | api=api | status=200 | latency_ms=521 | attempt=1
2026-10-02 04:47:03 | INFO | city=Mumbai | api=air-quality-api | status=200 | latency_ms=252 | attempt=1
2026-10-02 04:47:04 | INFO | city=Mumbai | api=api | status=200 | latency_ms=769 | attempt=1
2026-10-02 04:47:05 | INFO | city=Delhi | api=air-quality-api | status=200 | latency_ms=695 | attempt=1
2026-10-02 04:47:08 | INFO | city=Delhi | api=api | status=200 | latency_ms=269 | attempt=1
2026-10-02 04:47:10 | INFO | city=Bengaluru | api=air-quality-api | status=200 | latency_ms=543 | attempt=1
2026-10-02 04:47:12 | INFO | city=Bengaluru | api=api | status=200 | latency_ms=898 | attempt=1
2026-10-02 04:47:15 | INFO | city=Chennai | api=air-quality-api | status=200 | latency_ms=600 | attempt=1
2026-10-02 04:47:17 | INFO | city=Chennai | api=api | status=200 | latency_ms=355 | attempt=1
2026-10-02 04:47:17 | INFO | run_finished | records=5 | failed=0
2026-10-02 05:19:17 | INFO | run_started | cities=5 | offline=False
2026-10-02 05:19:20 | INFO | city=Hyderabad | api=air-quality-api | status=200 | latency_ms=556 | attempt=1
2026-10-02 05:19:23 | INFO | city=Hyderabad | api=api | status=200 | latency_ms=122 | attempt=1
2026-10-02 05:19:26 | INFO | city=Mumbai | api=air-quality-api | status=200 | latency_ms=486 | attempt=1
2026-10-02 05:19:27 | INFO | city=Mumbai | api=api | status=200 | latency_ms=448 | attempt=1
2026-10-02 05:19:29 | INFO | city=Delhi | api=air-quality-api | status=200 | latency_ms=758 | attempt=1
2026-10-02 05:19:32 | INFO | city=Delhi | api=api | status=429 | latency_ms=491 | attempt=1
2026-10-02 05:19:33 | INFO | city=Bengaluru | api=air-quality-api | status=200 | latency_ms=514 | attempt=1
2026-10-02 05:19:34 | INFO | city=Bengaluru | api=api | status=429 | latency_ms=698 | attempt=1
2026-10-02 05:19:36 | INFO | city=Chennai | api=air-quality-api | status=200 | latency_ms=263 | attempt=1
2026-10-02 05:19:39 | INFO | city=Chennai | api=api | status=200 | latency_ms=768 | attempt=1
2026-10-02 05:19:39 | INFO | run_finished | records=4 | failed=0
2026-10-02 05:39:39 | INFO | run_started | cities=5 | offline=False
2026-10-02 05:39:40 | INFO | city=Hyderabad | api=air-quality-api | status=200 | latency_ms=791 | attempt=1
2026-10-02 05:39:42 | INFO | city=Hyderabad | api=api | status=200 | latency_ms=223 | attempt=1
2026-10-02 05:39:45 | INFO | city=Mumbai | api=air-quality-api | status=200 | latency_ms=359 | attempt=1
2026-10-02 05:39:46 | INFO | city=Mumbai | api=api | status=200 | latency_ms=474 | attempt=1
2026-10-02 05:39:47 | INFO | city=Delhi | api=air-quality-api | status=200 | latency_ms=532 | attempt=1
2026-10-02 05:39:50 | INFO | city=Delhi | api=api | status=200 | latency_ms=824 | attempt=1
2026-10-02 05:39:53 | INFO | city=Bengaluru | api=air-quality-api | status=200 | latency_ms=212 | attempt=1
2026-10-02 05:39:56 | INFO | city=Bengaluru | api=api | status=200 | latency_ms=681 | attempt=1
2026-10-02 05:39:59 | INFO | city=Chennai | api=air-quality-api | status=200 | latency_ms=322 | attempt=1
2026-10-02 05:40:01 | INFO | city=Chennai | api=api | status=200 | latency_ms=663 | attempt=1
2026-10-02 05:40:01 | INFO | run_finished | records=4 | failed=0
2026-10-02 06:14:01 | INFO | run_started | cities=5 | offline=False
2026-10-02 06:14:04 | INFO | city=Hyderabad | api=air-quality-api | status=200 | latency_ms=688 | attempt=1
2026-10-02 06:14:05 | INFO | city=Hyderabad | api=api | status=200 | latency_ms=359 | attempt=1
2026-10-02 06:14:06 | INFO | city=Mumbai | api=air-quality-api | status=200 | latency_ms=690 | attempt=1
2026-10-02 06:14:07 | INFO | city=Mumbai | api=api | status=200 | latency_ms=267 | attempt=1
2026-10-02 06:14:10 | INFO | city=Delhi | api=air-quality-api | status=200 | latency_ms=630 | attempt=1
2026-10-02 06:14:11 | INFO | city=Delhi | api=api | status=200 | latency_ms=872 | attempt=1
2026-10-02 06:14:12 | INFO | city=Bengaluru | api=air-quality-api | status=200 | latency_ms=448 | attempt=1
2026-10-02 06:14:14 | INFO | city=Bengaluru | api=api | status=200 | latency_ms=629 | attempt=1
2026-10-02 06:14:17 | INFO | city=Chennai | api=air-quality-api | status=200 | latency_ms=596 | attempt=1
2026-10-02 06:14:19 | INFO | city=Chennai | api=api | status=200 | latency_ms=812 | attempt=1
2026-10-02 06:14:19 | INFO | run_finished | records=4 | failed=0
2026-10-02 06:39:19 | INFO | run_started | cities=5 | offline=False
2026-10-02 06:39:22 | INFO | city=Hyderabad | api=air-quality-api | status=200 | latency_ms=782 | attempt=1
2026-10-02 06:39:23 | WARNING | city=Hyderabad | api_call_failed | attempt=1 | error=Timeout
2026-10-02 06:39:26 | INFO | city=Mumbai | api=air-quality-api | status=200 | latency_ms=458 | attempt=1
2026-10-02 06:39:27 | INFO | city=Mumbai | api=api | status=200 | latency_ms=616 | attempt=1
2026-10-02 06:39:28 | WARNING | city=Delhi | api_call_failed | attempt=1 | error=Timeout
2026-10-02 06:39:30 | INFO | city=Delhi | api=api | status=200 | latency_ms=466 | attempt=1
2026-10-02 06:39:31 | INFO | city=Bengaluru | api=air-quality-api | status=200 | latency_ms=494 | attempt=1
2026-10-02 06:39:33 | INFO | city=Bengaluru | api=api | status=200 | latency_ms=658 | attempt=1
2026-10-02 06:39:36 | INFO | city=Chennai | api=air-quality-api | status=200 | latency_ms=335 | attempt=1
2026-10-02 06:39:38 | INFO | city=Chennai | api=api | status=200 | latency_ms=552 | attempt=1
2026-10-02 06:39:38 | INFO | run_finished | records=5 | failed=0
2026-10-02 07:16:38 | INFO | run_started | cities=5 | offline=False
2026-10-02 07:16:39 | INFO | city=Hyderabad | api=air-quality-api | status=200 | latency_ms=419 | attempt=1
2026-10-02 07:16:41 | INFO | city=Hyderabad | api=api | status=200 | latency_ms=533 | attempt=1
2026-10-02 07:16:43 | INFO | city=Mumbai | api=air-quality-api | status=200 | latency_ms=398 | attempt=1
2026-10-02 07:16:46 | INFO | city=Mumbai | api=api | status=200 | latency_ms=328 | attempt=1
2026-10-02 07:16:49 | INFO | city=Delhi | api=air-quality-api | status=200 | latency_ms=240 | attempt=1
2026-10-02 07:16:51 | INFO | city=Delhi | api=api | status=200 | latency_ms=850 | attempt=1
2026-10-02 07:16:53 | INFO | city=Bengaluru | api=air-quality-api | status=200 | latency_ms=770 | attempt=1
2026-10-02 07:16:54 | INFO | city=Bengaluru | api=api | status=200 | latency_ms=161 | attempt=1
2026-10-02 07:16:56 | INFO | city=Chennai | api=air-quality-api | status=200 | latency_ms=535 | attempt=1
2026-10-02 07:16:59 | INFO | city=Chennai | api=api | status=200 | latency_ms=528 | attempt=1
2026-10-02 07:16:59 | INFO | run_finished | records=5 | failed=0
2026-10-02 07:39:59 | INFO | run_started | cities=5 | offline=False
2026-10-02 07:40:00 | WARNING | city=Hyderabad | api_call_failed | attempt=1 | error=Timeout
2026-10-02 07:40:03 | INFO | city=Hyderabad | api=api | status=200 | latency_ms=181 | attempt=1
2026-10-02 07:40:06 | INFO | city=Mumbai | api=air-quality-api | status=200 | latency_ms=746 | attempt=1
2026-10-02 07:40:08 | INFO | city=Mumbai | api=api | status=200 | latency_ms=761 | attempt=1
2026-10-02 07:40:11 | INFO | city=Delhi | api=air-quality-api | status=200 | latency_ms=730 | attempt=1
2026-10-02 07:40:14 | INFO | city=Delhi | api=api | status=429 | latency_ms=160 | attempt=1
2026-10-02 07:40:17 | INFO | city=Bengaluru | api=air-quality-api | status=200 | latency_ms=760 | attempt=1
2026-10-02 07:40:18 | INFO | city=Bengaluru | api=api | status=200 | latency_ms=305 | attempt=1
2026-10-02 07:40:19 | INFO | city=Chennai | api=air-quality-api | status=200 | latency_ms=223 | attempt=1
2026-10-02 07:40:22 | WARNING | city=Chennai | api_call_failed | attempt=1 | error=Timeout
2026-10-02 07:40:22 | INFO | run_finished | records=5 | failed=0
2026-10-02 08:17:22 | INFO | run_started | cities=5 | offline=False
2026-10-02 08:17:25 | INFO | city=Hyderabad | api=air-quality-api | status=200 | latency_ms=429 | attempt=1
2026-10-02 08:17:26 | INFO | city=Hyderabad | api=api | status=200 | latency_ms=446 | attempt=1
2026-10-02 08:17:27 | INFO | city=Mumbai | api=air-quality-api | status=200 | latency_ms=777 | attempt=1
2026-10-02 08:17:30 | INFO | city=Mumbai | api=api | status=200 | latency_ms=175 | attempt=1
2026-10-02 08:17:32 | INFO | city=Delhi | api=air-quality-api | status=200 | latency_ms=160 | attempt=1
2026-10-02 08:17:33 | INFO | city=Delhi | api=api | status=200 | latency_ms=551 | attempt=1
2026-10-02 08:17:36 | INFO | city=Bengaluru | api=air-quality-api | status=200 | latency_ms=534 | attempt=1
2026-10-02 08:17:38 | ERROR | city=Bengaluru | api_call_failed | attempt=3 | error=ConnectionError
2026-10-02 08:17:40 | INFO | city=Chennai | api=air-quality-api | status=200 | latency_ms=795 | attempt=1
2026-10-02 08:17:41 | INFO | city=Chennai | api=api | status=200 | latency_ms=542 | attempt=1
2026-10-02 08:17:41 | INFO | run_finished | records=4 | failed=0
2026-10-02 08:39:41 | INFO | run_started | cities=5 | offline=False
2026-10-02 08:39:44 | INFO | city=Hyderabad | api=air-quality-api | status=200 | latency_ms=275 | attempt=1
2026-10-02 08:39:47 | WARNING | city=Hyderabad | api_call_failed | attempt=1 | error=Timeout
2026-10-02 08:39:48 | INFO | city=Mumbai | api=air-quality-api | status=200 | latency_ms=244 | attempt=1
2026-10-02 08:39:49 | INFO | city=Mumbai | api=api | status=200 | latency_ms=244 | attempt=1
2026-10-02 08:39:50 | INFO | city=Delhi | api=air-quality-api | status=200 | latency_ms=402 | attempt=1
2026-10-02 08:39:53 | INFO | city=Delhi | api=api | status=200 | latency_ms=581 | attempt=1
2026-10-02 08:39:56 | INFO | city=Bengaluru | api=air-quality-api | status=200 | latency_ms=171 | attempt=1
2026-10-02 08:39:58 | INFO | city=Bengaluru | api=api | status=200 | latency_ms=850 | attempt=1
2026-10-02 08:40:01 | INFO | city=Chennai | api=air-quality-api | status=200 | latency_ms=867 | attempt=1
2026-10-02 08:40:02 | INFO | city=Chennai | api=api | status=200 | latency_ms=690 | attempt=1
2026-10-02 08:40:02 | INFO | run_finished | records=5 | failed=0
2026-10-02 09:14:02 | INFO | run_started | cities=5 | offline=False
2026-10-02 09:14:05 | INFO | city=Hyderabad | api=air-quality-api | status=200 | latency_ms=380 | attempt=1
2026-10-02 09:14:06 | INFO | city=Hyderabad | api=api | status=200 | latency_ms=131 | attempt=1
2026-10-02 09:14:07 | WARNING | city=Mumbai | api_call_failed | attempt=1 | error=Timeout
2026-10-02 09:14:10 | INFO | city=Mumbai | api=api | status=200 | latency_ms=201 | attempt=1
2026-10-02 09:14:12 | INFO | city=Delhi | api=air-quality-api | status=200 | latency_ms=866 | attempt=1
2026-10-02 09:14:15 | INFO | city=Delhi | api=api | status=200 | latency_ms=618 | attempt=1
2026-10-02 09:14:18 | WARNING | city=Bengaluru | api_call_failed | attempt=1 | error=Timeout
2026-10-02 09:14:21 | INFO | city=Bengaluru | api=api | status=200 | latency_ms=601 | attempt=1
2026-10-02 09:14:24 | INFO | city=Chennai | api=air-quality-api | status=200 | latency_ms=239 | attempt=1
2026-10-02 09:14:26 | INFO | city=Chennai | api=api | status=200 | latency_ms=287 | attempt=1
2026-10-02 09:14:26 | INFO | run_finished | records=5 | failed=0
2026-10-02 09:49:26 | INFO | run_started | cities=5 | offline=False
2026-10-02 09:49:28 | INFO | city=Hyderabad | api=air-quality-api | status=200 | latency_ms=583 | attempt=1
2026-10-02 09:49:30 | INFO | city=Hyderabad | api=api | status=200 | latency_ms=700 | attempt=1
2026-10-02 09:49:32 | INFO | city=Mumbai | api=air-quality-api | status=200 | latency_ms=182 | attempt=1
2026-10-02 09:49:35 | INFO | city=Mumbai | api=api | status=200 | latency_ms=840 | attempt=1
2026-10-02 09:49:38 | INFO | city=Delhi | api=air-quality-api | status=200 | latency_ms=740 | attempt=1
2026-10-02 09:49:41 | INFO | city=Delhi | api=api | status=200 | latency_ms=274 | attempt=1
2026-10-02 09:49:44 | INFO | city=Bengaluru | api=air-quality-api | status=200 | latency_ms=718 | attempt=1
2026-10-02 09:49:46 | INFO | city=Bengaluru | api=api | status=200 | latency_ms=372 | attempt=1
2026-10-02 09:49:48 | INFO | city=Chennai | api=air-quality-api | status=200 | latency_ms=505 | attempt=1
2026-10-02 09:49:51 | INFO | city=Chennai | api=api | status=200 | latency_ms=359 | attempt=1
2026-10-02 09:49:51 | INFO | run_finished | records=5 | failed=0
2026-10-02 10:18:51 | INFO | run_started | cities=5 | offline=False
2026-10-02 10:18:54 | WARNING | city=Hyderabad | api_call_failed | attempt=1 | error=Timeout
2026-10-02 10:18:56 | INFO | city=Hyderabad | api=api | status=200 | latency_ms=720 | attempt=1
2026-10-02 10:18:57 | INFO | city=Mumbai | api=air-quality-api | status=200 | latency_ms=264 | attempt=1
2026-10-02 10:19:00 | INFO | city=Mumbai | api=api | status=200 | latency_ms=680 | attempt=1
2026-10-02 10:19:03 | INFO | city=Delhi | api=air-quality-api | status=200 | latency_ms=631 | attempt=1
2026-10-02 10:19:05 | INFO | city=Delhi | api=api | status=200 | latency_ms=672 | attempt=1
2026-10-02 10:19:08 | INFO | city=Bengaluru | api=air-quality-api | status=200 | latency_ms=510 | attempt=1
2026-10-02 10:19:09 | INFO | city=Bengaluru | api=api | status=200 | latency_ms=859 | attempt=1
2026-10-02 10:19:10 | INFO | city=Chennai | api=air-quality-api | status=200 | latency_ms=178 | attempt=1
2026-10-02 10:19:13 | INFO | city=Chennai | api=api | status=200 | latency_ms=845 | attempt=1
2026-10-02 10:19:13 | INFO | run_finished | records=5 | failed=0
2026-10-02 10:47:13 | INFO | run_started | cities=5 | offline=False
2026-10-02 10:47:16 | INFO | city=Hyderabad | api=air-quality-api | status=200 | latency_ms=514 | attempt=1
2026-10-02 10:47:18 | INFO | city=Hyderabad | api=api | status=200 | latency_ms=669 | attempt=1
2026-10-02 10:47:20 | INFO | city=Mumbai | api=air-quality-api | status=200 | latency_ms=358 | attempt=1
2026-10-02 10:47:22 | INFO | city=Mumbai | api=api | status=200 | latency_ms=385 | attempt=1
2026-10-02 10:47:25 | INFO | city=Delhi | api=air-quality-api | status=200 | latency_ms=638 | attempt=1
2026-10-02 10:47:28 | INFO | city=Delhi | api=api | status=200 | latency_ms=337 | attempt=1
2026-10-02 10:47:29 | INFO | city=Bengaluru | api=air-quality-api | status=429 | latency_ms=837 | attempt=1
2026-10-02 10:47:31 | INFO | city=Bengaluru | api=api | status=200 | latency_ms=697 | attempt=1
2026-10-02 10:47:33 | INFO | city=Chennai | api=air-quality-api | status=200 | latency_ms=649 | attempt=1
2026-10-02 10:47:34 | INFO | city=Chennai | api=api | status=200 | latency_ms=625 | attempt=1
2026-10-02 10:47:34 | INFO | run_finished | records=5 | failed=0
2026-10-02 11:10:34 | INFO | run_started | cities=5 | offline=False
2026-10-02 11:10:36 | INFO | city=Hyderabad | api=air-quality-api | status=200 | latency_ms=203 | attempt=1
2026-10-02 11:10:37 | INFO | city=Hyderabad | api=api | status=200 | latency_ms=151 | attempt=1
2026-10-02 11:10:39 | INFO | city=Mumbai | api=air-quality-api | status=200 | latency_ms=741 | attempt=1
2026-10-02 11:10:40 | INFO | city=Mumbai | api=api | status=429 | latency_ms=329 | attempt=1
2026-10-02 11:10:43 | INFO | city=Delhi | api=air-quality-api | status=200 | latency_ms=700 | attempt=1
2026-10-02 11:10:44 | INFO | city=Delhi | api=api | status=200 | latency_ms=406 | attempt=1
2026-10-02 11:10:46 | INFO | city=Bengaluru | api=air-quality-api | status=429 | latency_ms=577 | attempt=1
2026-10-02 11:10:49 | INFO | city=Bengaluru | api=api | status=200 | latency_ms=254 | attempt=1
2026-10-02 11:10:51 | INFO | city=Chennai | api=air-quality-api | status=200 | latency_ms=466 | attempt=1
2026-10-02 11:10:52 | INFO | city=Chennai | api=api | status=200 | latency_ms=507 | attempt=1
2026-10-02 11:10:52 | INFO | run_finished | records=4 | failed=0
2026-10-02 11:30:52 | INFO | run_started | cities=5 | offline=False
2026-10-02 11:30:53 | WARNING | city=Hyderabad | api_call_failed | attempt=1 | error=Timeout
2026-10-02 11:30:56 | INFO | city=Hyderabad | api=api | status=200 | latency_ms=185 | attempt=1
2026-10-02 11:30:59 | INFO | city=Mumbai | api=air-quality-api | status=200 | latency_ms=242 | attempt=1
2026-10-02 11:31:02 | INFO | city=Mumbai | api=api | status=200 | latency_ms=383 | attempt=1
2026-10-02 11:31:04 | INFO | city=Delhi | api=air-quality-api | status=200 | latency_ms=776 | attempt=1
2026-10-02 11:31:05 | INFO | city=Delhi | api=api | status=200 | latency_ms=805 | attempt=1
2026-10-02 11:31:08 | INFO | city=Bengaluru | api=air-quality-api | status=200 | latency_ms=579 | attempt=1
2026-10-02 11:31:09 | INFO | city=Bengaluru | api=api | status=200 | latency_ms=360 | attempt=1
2026-10-02 11:31:12 | INFO | city=Chennai | api=air-quality-api | status=200 | latency_ms=159 | attempt=1
2026-10-02 11:31:14 | INFO | city=Chennai | api=api | status=200 | latency_ms=180 | attempt=1
2026-10-02 11:31:14 | INFO | run_finished | records=4 | failed=0
2026-10-02 11:52:14 | INFO | run_started | cities=5 | offline=False
2026-10-02 11:52:16 | INFO | city=Hyderabad | api=air-quality-api | status=200 | latency_ms=846 | attempt=1
2026-10-02 11:52:19 | INFO | city=Hyderabad | api=api | status=200 | latency_ms=615 | attempt=1
2026-10-02 11:52:20 | INFO | city=Mumbai | api=air-quality-api | status=200 | latency_ms=445 | attempt=1
2026-10-02 11:52:21 | INFO | city=Mumbai | api=api | status=200 | latency_ms=813 | attempt=1
2026-10-02 11:52:24 | INFO | city=Delhi | api=air-quality-api | status=200 | latency_ms=725 | attempt=1
2026-10-02 11:52:26 | INFO | city=Delhi | api=api | status=200 | latency_ms=227 | attempt=1
2026-10-02 11:52:28 | INFO | city=Bengaluru | api=air-quality-api | status=200 | latency_ms=383 | attempt=1
2026-10-02 11:52:30 | INFO | city=Bengaluru | api=api | status=200 | latency_ms=612 | attempt=1
2026-10-02 11:52:32 | INFO | city=Chennai | api=air-quality-api | status=200 | latency_ms=364 | attempt=1
2026-10-02 11:52:33 | INFO | city=Chennai | api=api | status=200 | latency_ms=132 | attempt=1
2026-10-02 11:52:33 | INFO | run_finished | records=5 | failed=0
2026-10-02 12:18:33 | INFO | run_started | cities=5 | offline=False
2026-10-02 12:18:34 | INFO | city=Hyderabad | api=air-quality-api | status=200 | latency_ms=345 | attempt=1
2026-10-02 12:18:35 | INFO | city=Hyderabad | api=api | status=200 | latency_ms=502 | attempt=1
2026-10-02 12:18:38 | INFO | city=Mumbai | api=air-quality-api | status=200 | latency_ms=577 | attempt=1
2026-10-02 12:18:39 | INFO | city=Mumbai | api=api | status=200 | latency_ms=514 | attempt=1
2026-10-02 12:18:40 | INFO | city=Delhi | api=air-quality-api | status=200 | latency_ms=583 | attempt=1
2026-10-02 12:18:42 | INFO | city=Delhi | api=api | status=200 | latency_ms=359 | attempt=1
2026-10-02 12:18:44 | INFO | city=Bengaluru | api=air-quality-api | status=200 | latency_ms=494 | attempt=1
2026-10-02 12:18:45 | INFO | city=Bengaluru | api=api | status=200 | latency_ms=873 | attempt=1
2026-10-02 12:18:46 | INFO | city=Chennai | api=air-quality-api | status=200 | latency_ms=582 | attempt=1
2026-10-02 12:18:49 | INFO | city=Chennai | api=api | status=200 | latency_ms=569 | attempt=1
2026-10-02 12:18:49 | INFO | run_finished | records=5 | failed=0
2026-10-02 12:46:49 | INFO | run_started | cities=5 | offline=False
2026-10-02 12:46:51 | INFO | city=Hyderabad | api=air-quality-api | status=200 | latency_ms=279 | attempt=1
2026-10-02 12:46:52 | INFO | city=Hyderabad | api=api | status=200 | latency_ms=423 | attempt=1
2026-10-02 12:46:54 | INFO | city=Mumbai | api=air-quality-api | status=200 | latency_ms=386 | attempt=1
2026-10-02 12:46:56 | INFO | city=Mumbai | api=api | status=200 | latency_ms=587 | attempt=1
2026-10-02 12:46:58 | INFO | city=Delhi | api=air-quality-api | status=200 | latency_ms=645 | attempt=1
2026-10-02 12:46:59 | INFO | city=Delhi | api=api | status=200 | latency_ms=804 | attempt=1
2026-10-02 12:47:00 | INFO | city=Bengaluru | api=air-quality-api | status=200 | latency_ms=413 | attempt=1
2026-10-02 12:47:01 | INFO | city=Bengaluru | api=api | status=200 | latency_ms=326 | attempt=1
2026-10-02 12:47:03 | INFO | city=Chennai | api=air-quality-api | status=200 | latency_ms=387 | attempt=1
2026-10-02 12:47:04 | INFO | city=Chennai | api=api | status=200 | latency_ms=219 | attempt=1
2026-10-02 12:47:04 | INFO | run_finished | records=5 | failed=0
2026-10-02 13:16:04 | INFO | run_started | cities=5 | offline=False
2026-10-02 13:16:06 | INFO | city=Hyderabad | api=air-quality-api | status=200 | latency_ms=178 | attempt=1
2026-10-02 13:16:09 | INFO | city=Hyderabad | api=api | status=200 | latency_ms=267 | attempt=1
2026-10-02 13:16:12 | WARNING | city=Mumbai | api_call_failed | attempt=1 | error=Timeout
2026-10-02 13:16:14 | INFO | city=Mumbai | api=api | status=200 | latency_ms=573 | attempt=1
2026-10-02 13:16:15 | INFO | city=Delhi | api=air-quality-api | status=200 | latency_ms=659 | attempt=1
2026-10-02 13:16:17 | INFO | city=Delhi | api=api | status=200 | latency_ms=565 | attempt=1
2026-10-02 13:16:18 | INFO | city=Bengaluru | api=air-quality-api | status=200 | latency_ms=343 | attempt=1
2026-10-02 13:16:20 | INFO | city=Bengaluru | api=api | status=200 | latency_ms=261 | attempt=1
2026-10-02 13:16:21 | INFO | city=Chennai | api=air-quality-api | status=200 | latency_ms=355 | attempt=1
2026-10-02 13:16:24 | INFO | city=Chennai | api=api | status=200 | latency_ms=735 | attempt=1
2026-10-02 13:16:24 | INFO | run_finished | records=4 | failed=0
2026-10-02 13:38:24 | INFO | run_started | cities=5 | offline=False
2026-10-02 13:38:27 | INFO | city=Hyderabad | api=air-quality-api | status=200 | latency_ms=899 | attempt=1
2026-10-02 13:38:29 | INFO | city=Hyderabad | api=api | status=200 | latency_ms=260 | attempt=1
2026-10-02 13:38:32 | INFO | city=Mumbai | api=air-quality-api | status=200 | latency_ms=763 | attempt=1
2026-10-02 13:38:33 | INFO | city=Mumbai | api=api | status=200 | latency_ms=327 | attempt=1
2026-10-02 13:38:34 | ERROR | city=Delhi | api_call_failed | attempt=3 | error=ConnectionError
2026-10-02 13:38:37 | INFO | city=Delhi | api=api | status=200 | latency_ms=858 | attempt=1
2026-10-02 13:38:38 | INFO | city=Bengaluru | api=air-quality-api | status=200 | latency_ms=475 | attempt=1
2026-10-02 13:38:40 | INFO | city=Bengaluru | api=api | status=200 | latency_ms=774 | attempt=1
2026-10-02 13:38:42 | INFO | city=Chennai | api=air-quality-api | status=429 | latency_ms=539 | attempt=1
2026-10-02 13:38:44 | INFO | city=Chennai | api=api | status=200 | latency_ms=801 | attempt=1
2026-10-02 13:38:44 | INFO | run_finished | records=5 | failed=0
2026-10-02 14:05:44 | INFO | run_started | cities=5 | offline=False
2026-10-02 14:05:45 | INFO | city=Hyderabad | api=air-quality-api | status=200 | latency_ms=495 | attempt=1
2026-10-02 14:05:46 | INFO | city=Hyderabad | api=api | status=200 | latency_ms=500 | attempt=1
2026-10-02 14:05:49 | INFO | city=Mumbai | api=air-quality-api | status=200 | latency_ms=124 | attempt=1
2026-10-02 14:05:51 | INFO | city=Mumbai | api=api | status=200 | latency_ms=576 | attempt=1
2026-10-02 14:05:54 | ERROR | city=Delhi | api_call_failed | attempt=3 | error=ConnectionError
2026-10-02 14:05:57 | INFO | city=Delhi | api=api | status=200 | latency_ms=448 | attempt=1
2026-10-02 14:06:00 | INFO | city=Bengaluru | api=air-quality-api | status=200 | latency_ms=710 | attempt=1
2026-10-02 14:06:01 | INFO | city=Bengaluru | api=api | status=200 | latency_ms=230 | attempt=1
2026-10-02 14:06:04 | INFO | city=Chennai | api=air-quality-api | status=200 | latency_ms=645 | attempt=1
2026-10-02 14:06:05 | INFO | city=Chennai | api=api | status=200 | latency_ms=670 | attempt=1
2026-10-02 14:06:05 | INFO | run_finished | records=5 | failed=0
2026-10-02 14:26:05 | INFO | run_started | cities=5 | offline=False
2026-10-02 14:26:06 | INFO | city=Hyderabad | api=air-quality-api | status=200 | latency_ms=349 | attempt=1
2026-10-02 14:26:09 | INFO | city=Hyderabad | api=api | status=200 | latency_ms=225 | attempt=1
2026-10-02 14:26:11 | INFO | city=Mumbai | api=air-quality-api | status=200 | latency_ms=150 | attempt=1
2026-10-02 14:26:12 | INFO | city=Mumbai | api=api | status=429 | latency_ms=835 | attempt=1
2026-10-02 14:26:15 | INFO | city=Delhi | api=air-quality-api | status=200 | latency_ms=138 | attempt=1
2026-10-02 14:26:18 | INFO | city=Delhi | api=api | status=200 | latency_ms=595 | attempt=1
2026-10-02 14:26:21 | INFO | city=Bengaluru | api=air-quality-api | status=200 | latency_ms=574 | attempt=1
2026-10-02 14:26:22 | INFO | city=Bengaluru | api=api | status=200 | latency_ms=216 | attempt=1
2026-10-02 14:26:25 | INFO | city=Chennai | api=air-quality-api | status=200 | latency_ms=399 | attempt=1
2026-10-02 14:26:26 | INFO | city=Chennai | api=api | status=200 | latency_ms=719 | attempt=1
2026-10-02 14:26:26 | INFO | run_finished | records=5 | failed=0
2026-10-02 14:49:26 | INFO | run_started | cities=5 | offline=False
2026-10-02 14:49:27 | INFO | city=Hyderabad | api=air-quality-api | status=200 | latency_ms=260 | attempt=1
2026-10-02 14:49:30 | INFO | city=Hyderabad | api=api | status=200 | latency_ms=352 | attempt=1
2026-10-02 14:49:31 | INFO | city=Mumbai | api=air-quality-api | status=200 | latency_ms=593 | attempt=1
2026-10-02 14:49:34 | INFO | city=Mumbai | api=api | status=200 | latency_ms=138 | attempt=1
2026-10-02 14:49:37 | INFO | city=Delhi | api=air-quality-api | status=200 | latency_ms=550 | attempt=1
2026-10-02 14:49:40 | INFO | city=Delhi | api=api | status=200 | latency_ms=658 | attempt=1
2026-10-02 14:49:41 | INFO | city=Bengaluru | api=air-quality-api | status=200 | latency_ms=173 | attempt=1
2026-10-02 14:49:43 | INFO | city=Bengaluru | api=api | status=200 | latency_ms=366 | attempt=1
2026-10-02 14:49:45 | INFO | city=Chennai | api=air-quality-api | status=200 | latency_ms=697 | attempt=1
2026-10-02 14:49:47 | INFO | city=Chennai | api=api | status=200 | latency_ms=694 | attempt=1
2026-10-02 14:49:47 | INFO | run_finished | records=4 | failed=0
2026-10-02 15:19:47 | INFO | run_started | cities=5 | offline=False
2026-10-02 15:19:50 | INFO | city=Hyderabad | api=air-quality-api | status=200 | latency_ms=816 | attempt=1
2026-10-02 15:19:52 | INFO | city=Hyderabad | api=api | status=200 | latency_ms=552 | attempt=1
2026-10-02 15:19:55 | INFO | city=Mumbai | api=air-quality-api | status=200 | latency_ms=493 | attempt=1
2026-10-02 15:19:56 | INFO | city=Mumbai | api=api | status=200 | latency_ms=190 | attempt=1
2026-10-02 15:19:58 | INFO | city=Delhi | api=air-quality-api | status=200 | latency_ms=636 | attempt=1
2026-10-02 15:20:01 | WARNING | city=Delhi | api_call_failed | attempt=1 | error=Timeout
2026-10-02 15:20:03 | INFO | city=Bengaluru | api=air-quality-api | status=200 | latency_ms=584 | attempt=1
2026-10-02 15:20:06 | WARNING | city=Bengaluru | api_call_failed | attempt=1 | error=Timeout
2026-10-02 15:20:07 | INFO | city=Chennai | api=air-quality-api | status=200 | latency_ms=755 | attempt=1
2026-10-02 15:20:09 | INFO | city=Chennai | api=api | status=200 | latency_ms=758 | attempt=1
2026-10-02 15:20:09 | INFO | run_finished | records=5 | failed=0
2026-10-02 16:00:09 | INFO | run_started | cities=5 | offline=False
2026-10-02 16:00:12 | INFO | city=Hyderabad | api=air-quality-api | status=200 | latency_ms=156 | attempt=1
2026-10-02 16:00:15 | INFO | city=Hyderabad | api=api | status=200 | latency_ms=244 | attempt=1
2026-10-02 16:00:18 | WARNING | city=Mumbai | api_call_failed | attempt=1 | error=Timeout
2026-10-02 16:00:19 | INFO | city=Mumbai | api=api | status=200 | latency_ms=432 | attempt=1
2026-10-02 16:00:21 | INFO | city=Delhi | api=air-quality-api | status=200 | latency_ms=243 | attempt=1
2026-10-02 16:00:22 | INFO | city=Delhi | api=api | status=200 | latency_ms=646 | attempt=1
2026-10-02 16:00:24 | INFO | city=Bengaluru | api=air-quality-api | status=429 | latency_ms=724 | attempt=1
2026-10-02 16:00:27 | INFO | city=Bengaluru | api=api | status=200 | latency_ms=570 | attempt=1
2026-10-02 16:00:28 | INFO | city=Chennai | api=air-quality-api | status=200 | latency_ms=420 | attempt=1
2026-10-02 16:00:30 | INFO | city=Chennai | api=api | status=200 | latency_ms=400 | attempt=1
2026-10-02 16:00:30 | INFO | run_finished | records=5 | failed=0
2026-10-02 16:22:30 | INFO | run_started | cities=5 | offline=False
2026-10-02 16:22:33 | INFO | city=Hyderabad | api=air-quality-api | status=200 | latency_ms=585 | attempt=1
2026-10-02 16:22:36 | INFO | city=Hyderabad | api=api | status=200 | latency_ms=346 | attempt=1
2026-10-02 16:22:39 | INFO | city=Mumbai | api=air-quality-api | status=200 | latency_ms=681 | attempt=1
2026-10-02 16:22:42 | INFO | city=Mumbai | api=api | status=200 | latency_ms=681 | attempt=1
2026-10-02 16:22:44 | INFO | city=Delhi | api=air-quality-api | status=200 | latency_ms=600 | attempt=1
2026-10-02 16:22:46 | WARNING | city=Delhi | api_call_failed | attempt=1 | error=Timeout
2026-10-02 16:22:47 | INFO | city=Bengaluru | api=air-quality-api | status=200 | latency_ms=679 | attempt=1
2026-10-02 16:22:49 | INFO | city=Bengaluru | api=api | status=200 | latency_ms=525 | attempt=1
2026-10-02 16:22:50 | INFO | city=Chennai | api=air-quality-api | status=200 | latency_ms=286 | attempt=1
2026-10-02 16:22:51 | INFO | city=Chennai | api=api | status=200 | latency_ms=453 | attempt=1
2026-10-02 16:22:51 | INFO | run_finished | records=5 | failed=0
2026-10-02 16:50:51 | INFO | run_started | cities=5 | offline=False
2026-10-02 16:50:53 | INFO | city=Hyderabad | api=air-quality-api | status=200 | latency_ms=341 | attempt=1
2026-10-02 16:50:55 | WARNING | city=Hyderabad | api_call_failed | attempt=1 | error=Timeout
2026-10-02 16:50:56 | INFO | city=Mumbai | api=air-quality-api | status=200 | latency_ms=740 | attempt=1
2026-10-02 16:50:58 | INFO | city=Mumbai | api=api | status=200 | latency_ms=183 | attempt=1
2026-10-02 16:51:01 | INFO | city=Delhi | api=air-quality-api | status=200 | latency_ms=570 | attempt=1
2026-10-02 16:51:03 | INFO | city=Delhi | api=api | status=200 | latency_ms=231 | attempt=1
2026-10-02 16:51:06 | INFO | city=Bengaluru | api=air-quality-api | status=200 | latency_ms=813 | attempt=1
2026-10-02 16:51:09 | INFO | city=Bengaluru | api=api | status=200 | latency_ms=546 | attempt=1
2026-10-02 16:51:11 | INFO | city=Chennai | api=air-quality-api | status=200 | latency_ms=263 | attempt=1
2026-10-02 16:51:14 | INFO | city=Chennai | api=api | status=200 | latency_ms=745 | attempt=1
2026-10-02 16:51:14 | INFO | run_finished | records=5 | failed=0
2026-10-02 17:27:14 | INFO | run_started | cities=5 | offline=False
2026-10-02 17:27:15 | INFO | city=Hyderabad | api=air-quality-api | status=200 | latency_ms=881 | attempt=1
2026-10-02 17:27:17 | INFO | city=Hyderabad | api=api | status=200 | latency_ms=765 | attempt=1
2026-10-02 17:27:20 | INFO | city=Mumbai | api=air-quality-api | status=200 | latency_ms=840 | attempt=1
2026-10-02 17:27:21 | INFO | city=Mumbai | api=api | status=200 | latency_ms=225 | attempt=1
2026-10-02 17:27:22 | INFO | city=Delhi | api=air-quality-api | status=200 | latency_ms=683 | attempt=1
2026-10-02 17:27:25 | INFO | city=Delhi | api=api | status=200 | latency_ms=527 | attempt=1
2026-10-02 17:27:28 | INFO | city=Bengaluru | api=air-quality-api | status=200 | latency_ms=406 | attempt=1
2026-10-02 17:27:31 | INFO | city=Bengaluru | api=api | status=200 | latency_ms=508 | attempt=1
2026-10-02 17:27:33 | INFO | city=Chennai | api=air-quality-api | status=200 | latency_ms=414 | attempt=1
2026-10-02 17:27:36 | INFO | city=Chennai | api=api | status=200 | latency_ms=481 | attempt=1
2026-10-02 17:27:36 | INFO | run_finished | records=5 | failed=0
2026-10-02 18:03:36 | INFO | run_started | cities=5 | offline=False
2026-10-02 18:03:39 | INFO | city=Hyderabad | api=air-quality-api | status=200 | latency_ms=783 | attempt=1
2026-10-02 18:03:41 | WARNING | city=Hyderabad | api_call_failed | attempt=1 | error=Timeout
2026-10-02 18:03:43 | INFO | city=Mumbai | api=air-quality-api | status=200 | latency_ms=427 | attempt=1
2026-10-02 18:03:44 | INFO | city=Mumbai | api=api | status=200 | latency_ms=268 | attempt=1
2026-10-02 18:03:46 | INFO | city=Delhi | api=air-quality-api | status=200 | latency_ms=715 | attempt=1
2026-10-02 18:03:47 | INFO | city=Delhi | api=api | status=429 | latency_ms=458 | attempt=1
2026-10-02 18:03:49 | INFO | city=Bengaluru | api=air-quality-api | status=200 | latency_ms=742 | attempt=1
2026-10-02 18:03:50 | INFO | city=Bengaluru | api=api | status=200 | latency_ms=329 | attempt=1
2026-10-02 18:03:52 | INFO | city=Chennai | api=air-quality-api | status=200 | latency_ms=130 | attempt=1
2026-10-02 18:03:53 | WARNING | city=Chennai | api_call_failed | attempt=1 | error=Timeout
2026-10-02 18:03:53 | INFO | run_finished | records=5 | failed=0
2026-10-02 18:32:53 | INFO | run_started | cities=5 | offline=False
2026-10-02 18:32:56 | INFO | city=Hyderabad | api=air-quality-api | status=200 | latency_ms=671 | attempt=1
2026-10-02 18:32:59 | INFO | city=Hyderabad | api=api | status=200 | latency_ms=649 | attempt=1
2026-10-02 18:33:02 | INFO | city=Mumbai | api=air-quality-api | status=200 | latency_ms=560 | attempt=1
2026-10-02 18:33:04 | INFO | city=Mumbai | api=api | status=200 | latency_ms=161 | attempt=1
2026-10-02 18:33:07 | INFO | city=Delhi | api=air-quality-api | status=200 | latency_ms=583 | attempt=1
2026-10-02 18:33:08 | INFO | city=Delhi | api=api | status=200 | latency_ms=657 | attempt=1
2026-10-02 18:33:09 | INFO | city=Bengaluru | api=air-quality-api | status=429 | latency_ms=503 | attempt=1
2026-10-02 18:33:12 | INFO | city=Bengaluru | api=api | status=200 | latency_ms=694 | attempt=1
2026-10-02 18:33:15 | INFO | city=Chennai | api=air-quality-api | status=200 | latency_ms=312 | attempt=1
2026-10-02 18:33:17 | INFO | city=Chennai | api=api | status=200 | latency_ms=570 | attempt=1
2026-10-02 18:33:17 | INFO | run_finished | records=5 | failed=0
2026-10-02 19:09:17 | INFO | run_started | cities=5 | offline=False
2026-10-02 19:09:20 | INFO | city=Hyderabad | api=air-quality-api | status=200 | latency_ms=294 | attempt=1
2026-10-02 19:09:22 | INFO | city=Hyderabad | api=api | status=200 | latency_ms=196 | attempt=1
2026-10-02 19:09:24 | INFO | city=Mumbai | api=air-quality-api | status=200 | latency_ms=233 | attempt=1
2026-10-02 19:09:27 | INFO | city=Mumbai | api=api | status=200 | latency_ms=826 | attempt=1
2026-10-02 19:09:29 | INFO | city=Delhi | api=air-quality-api | status=200 | latency_ms=641 | attempt=1
2026-10-02 19:09:31 | INFO | city=Delhi | api=api | status=200 | latency_ms=656 | attempt=1
2026-10-02 19:09:33 | INFO | city=Bengaluru | api=air-quality-api | status=200 | latency_ms=332 | attempt=1
2026-10-02 19:09:36 | INFO | city=Bengaluru | api=api | status=200 | latency_ms=542 | attempt=1
2026-10-02 19:09:37 | ERROR | city=Chennai | api_call_failed | attempt=3 | error=ConnectionError
2026-10-02 19:09:40 | INFO | city=Chennai | api=api | status=200 | latency_ms=703 | attempt=1
2026-10-02 19:09:40 | INFO | run_finished | records=4 | failed=0
2026-10-02 19:42:40 | INFO | run_started | cities=5 | offline=False
2026-10-02 19:42:41 | INFO | city=Hyderabad | api=air-quality-api | status=200 | latency_ms=434 | attempt=1
2026-10-02 19:42:44 | INFO | city=Hyderabad | api=api | status=200 | latency_ms=124 | attempt=1
2026-10-02 19:42:46 | INFO | city=Mumbai | api=air-quality-api | status=200 | latency_ms=220 | attempt=1
2026-10-02 19:42:49 | WARNING | city=Mumbai | api_call_failed | attempt=1 | error=Timeout
2026-10-02 19:42:50 | INFO | city=Delhi | api=air-quality-api | status=200 | latency_ms=686 | attempt=1
2026-10-02 19:42:53 | INFO | city=Delhi | api=api | status=200 | latency_ms=782 | attempt=1
2026-10-02 19:42:56 | INFO | city=Bengaluru | api=air-quality-api | status=200 | latency_ms=267 | attempt=1
2026-10-02 19:42:59 | INFO | city=Bengaluru | api=api | status=200 | latency_ms=736 | attempt=1
2026-10-02 19:43:00 | INFO | city=Chennai | api=air-quality-api | status=200 | latency_ms=650 | attempt=1
2026-10-02 19:43:03 | INFO | city=Chennai | api=api | status=200 | latency_ms=222 | attempt=1
2026-10-02 19:43:03 | INFO | run_finished | records=4 | failed=0
2026-10-02 20:08:03 | INFO | run_started | cities=5 | offline=False
2026-10-02 20:08:06 | INFO | city=Hyderabad | api=air-quality-api | status=200 | latency_ms=598 | attempt=1
2026-10-02 20:08:09 | INFO | city=Hyderabad | api=api | status=200 | latency_ms=183 | attempt=1
2026-10-02 20:08:12 | WARNING | city=Mumbai | api_call_failed | attempt=1 | error=Timeout
2026-10-02 20:08:14 | INFO | city=Mumbai | api=api | status=200 | latency_ms=363 | attempt=1
2026-10-02 20:08:16 | INFO | city=Delhi | api=air-quality-api | status=200 | latency_ms=153 | attempt=1
2026-10-02 20:08:18 | INFO | city=Delhi | api=api | status=200 | latency_ms=716 | attempt=1
2026-10-02 20:08:19 | INFO | city=Bengaluru | api=air-quality-api | status=200 | latency_ms=580 | attempt=1
2026-10-02 20:08:22 | INFO | city=Bengaluru | api=api | status=200 | latency_ms=175 | attempt=1
2026-10-02 20:08:23 | INFO | city=Chennai | api=air-quality-api | status=200 | latency_ms=716 | attempt=1
2026-10-02 20:08:24 | INFO | city=Chennai | api=api | status=200 | latency_ms=755 | attempt=1
2026-10-02 20:08:24 | INFO | run_finished | records=5 | failed=0
2026-10-02 20:35:24 | INFO | run_started | cities=5 | offline=False
2026-10-02 20:35:25 | WARNING | city=Hyderabad | api_call_failed | attempt=1 | error=Timeout
2026-10-02 20:35:26 | INFO | city=Hyderabad | api=api | status=200 | latency_ms=586 | attempt=1
2026-10-02 20:35:28 | INFO | city=Mumbai | api=air-quality-api | status=200 | latency_ms=378 | attempt=1
2026-10-02 20:35:30 | INFO | city=Mumbai | api=api | status=200 | latency_ms=189 | attempt=1
2026-10-02 20:35:31 | INFO | city=Delhi | api=air-quality-api | status=200 | latency_ms=811 | attempt=1
2026-10-02 20:35:34 | INFO | city=Delhi | api=api | status=200 | latency_ms=543 | attempt=1
2026-10-02 20:35:36 | INFO | city=Bengaluru | api=air-quality-api | status=200 | latency_ms=848 | attempt=1
2026-10-02 20:35:38 | WARNING | city=Bengaluru | api_call_failed | attempt=1 | error=Timeout
2026-10-02 20:35:39 | INFO | city=Chennai | api=air-quality-api | status=200 | latency_ms=486 | attempt=1
2026-10-02 20:35:41 | INFO | city=Chennai | api=api | status=200 | latency_ms=417 | attempt=1
2026-10-02 20:35:41 | INFO | run_finished | records=5 | failed=0
2026-10-02 21:12:41 | INFO | run_started | cities=5 | offline=False
2026-10-02 21:12:43 | INFO | city=Hyderabad | api=air-quality-api | status=200 | latency_ms=666 | attempt=1
2026-10-02 21:12:45 | INFO | city=Hyderabad | api=api | status=200 | latency_ms=786 | attempt=1
2026-10-02 21:12:46 | INFO | city=Mumbai | api=air-quality-api | status=200 | latency_ms=552 | attempt=1
2026-10-02 21:12:48 | INFO | city=Mumbai | api=api | status=200 | latency_ms=516 | attempt=1
2026-10-02 21:12:49 | INFO | city=Delhi | api=air-quality-api | status=200 | latency_ms=472 | attempt=1
2026-10-02 21:12:50 | INFO | city=Delhi | api=api | status=200 | latency_ms=405 | attempt=1
2026-10-02 21:12:53 | WARNING | city=Bengaluru | api_call_failed | attempt=1 | error=Timeout
2026-10-02 21:12:54 | INFO | city=Bengaluru | api=api | status=200 | latency_ms=214 | attempt=1
2026-10-02 21:12:55 | INFO | city=Chennai | api=air-quality-api | status=200 | latency_ms=250 | attempt=1
2026-10-02 21:12:58 | INFO | city=Chennai | api=api | status=200 | latency_ms=365 | attempt=1
2026-10-02 21:12:58 | INFO | run_finished | records=5 | failed=0
2026-10-02 21:43:58 | INFO | run_started | cities=5 | offline=False
2026-10-02 21:44:00 | INFO | city=Hyderabad | api=air-quality-api | status=200 | latency_ms=534 | attempt=1
2026-10-02 21:44:02 | INFO | city=Hyderabad | api=api | status=200 | latency_ms=714 | attempt=1
2026-10-02 21:44:03 | INFO | city=Mumbai | api=air-quality-api | status=200 | latency_ms=607 | attempt=1
2026-10-02 21:44:06 | INFO | city=Mumbai | api=api | status=200 | latency_ms=583 | attempt=1
2026-10-02 21:44:09 | INFO | city=Delhi | api=air-quality-api | status=200 | latency_ms=843 | attempt=1
2026-10-02 21:44:11 | INFO | city=Delhi | api=api | status=200 | latency_ms=570 | attempt=1
2026-10-02 21:44:14 | INFO | city=Bengaluru | api=air-quality-api | status=200 | latency_ms=667 | attempt=1
2026-10-02 21:44:15 | INFO | city=Bengaluru | api=api | status=200 | latency_ms=642 | attempt=1
2026-10-02 21:44:16 | INFO | city=Chennai | api=air-quality-api | status=200 | latency_ms=888 | attempt=1
2026-10-02 21:44:17 | INFO | city=Chennai | api=api | status=200 | latency_ms=213 | attempt=1
2026-10-02 21:44:17 | INFO | run_finished | records=5 | failed=0
2026-10-02 22:16:17 | INFO | run_started | cities=5 | offline=False
2026-10-02 22:16:18 | INFO | city=Hyderabad | api=air-quality-api | status=200 | latency_ms=701 | attempt=1
2026-10-02 22:16:19 | INFO | city=Hyderabad | api=api | status=200 | latency_ms=519 | attempt=1
2026-10-02 22:16:22 | INFO | city=Mumbai | api=air-quality-api | status=429 | latency_ms=301 | attempt=1
2026-10-02 22:16:23 | INFO | city=Mumbai | api=api | status=200 | latency_ms=798 | attempt=1
2026-10-02 22:16:24 | ERROR | city=Delhi | api_call_failed | attempt=3 | error=ConnectionError
2026-10-02 22:16:27 | INFO | city=Delhi | api=api | status=200 | latency_ms=317 | attempt=1
2026-10-02 22:16:28 | INFO | city=Bengaluru | api=air-quality-api | status=200 | latency_ms=210 | attempt=1
2026-10-02 22:16:29 | INFO | city=Bengaluru | api=api | status=200 | latency_ms=853 | attempt=1
2026-10-02 22:16:31 | INFO | city=Chennai | api=air-quality-api | status=200 | latency_ms=533 | attempt=1
2026-10-02 22:16:33 | INFO | city=Chennai | api=api | status=200 | latency_ms=763 | attempt=1
2026-10-02 22:16:33 | INFO | run_finished | records=5 | failed=0
2026-10-02 22:44:33 | INFO | run_started | cities=5 | offline=False
2026-10-02 22:44:34 | WARNING | city=Hyderabad | api_call_failed | attempt=1 | error=Timeout
2026-10-02 22:44:37 | INFO | city=Hyderabad | api=api | status=200 | latency_ms=542 | attempt=1
2026-10-02 22:44:38 | INFO | city=Mumbai | api=air-quality-api | status=200 | latency_ms=836 | attempt=1
2026-10-02 22:44:40 | INFO | city=Mumbai | api=api | status=200 | latency_ms=530 | attempt=1
2026-10-02 22:44:42 | INFO | city=Delhi | api=air-quality-api | status=200 | latency_ms=220 | attempt=1
2026-10-02 22:44:43 | INFO | city=Delhi | api=api | status=200 | latency_ms=397 | attempt=1
2026-10-02 22:44:46 | INFO | city=Bengaluru | api=air-quality-api | status=200 | latency_ms=849 | attempt=1
2026-10-02 22:44:49 | WARNING | city=Bengaluru | api_call_failed | attempt=1 | error=Timeout
2026-10-02 22:44:52 | INFO | city=Chennai | api=air-quality-api | status=200 | latency_ms=322 | attempt=1
2026-10-02 22:44:54 | INFO | city=Chennai | api=api | status=200 | latency_ms=876 | attempt=1
2026-10-02 22:44:54 | INFO | run_finished | records=4 | failed=0
2026-10-02 23:21:54 | INFO | run_started | cities=5 | offline=False
2026-10-02 23:21:56 | INFO | city=Hyderabad | api=air-quality-api | status=200 | latency_ms=303 | attempt=1
2026-10-02 23:21:59 | INFO | city=Hyderabad | api=api | status=200 | latency_ms=703 | attempt=1
2026-10-02 23:22:01 | INFO | city=Mumbai | api=air-quality-api | status=200 | latency_ms=380 | attempt=1
2026-10-02 23:22:03 | INFO | city=Mumbai | api=api | status=200 | latency_ms=709 | attempt=1
2026-10-02 23:22:05 | INFO | city=Delhi | api=air-quality-api | status=200 | latency_ms=234 | attempt=1
2026-10-02 23:22:08 | INFO | city=Delhi | api=api | status=200 | latency_ms=163 | attempt=1
2026-10-02 23:22:11 | INFO | city=Bengaluru | api=air-quality-api | status=200 | latency_ms=168 | attempt=1
2026-10-02 23:22:12 | INFO | city=Bengaluru | api=api | status=200 | latency_ms=158 | attempt=1
2026-10-02 23:22:14 | INFO | city=Chennai | api=air-quality-api | status=200 | latency_ms=473 | attempt=1
2026-10-02 23:22:17 | INFO | city=Chennai | api=api | status=200 | latency_ms=547 | attempt=1
2026-10-02 23:22:17 | INFO | run_finished | records=5 | failed=0
2026-10-03 00:01:17 | INFO | run_started | cities=5 | offline=False
2026-10-03 00:01:18 | INFO | city=Hyderabad | api=air-quality-api | status=200 | latency_ms=212 | attempt=1
2026-10-03 00:01:20 | INFO | city=Hyderabad | api=api | status=200 | latency_ms=554 | attempt=1
2026-10-03 00:01:22 | INFO | city=Mumbai | api=air-quality-api | status=200 | latency_ms=828 | attempt=1
2026-10-03 00:01:25 | INFO | city=Mumbai | api=api | status=200 | latency_ms=763 | attempt=1
2026-10-03 00:01:28 | INFO | city=Delhi | api=air-quality-api | status=200 | latency_ms=175 | attempt=1
2026-10-03 00:01:31 | INFO | city=Delhi | api=api | status=200 | latency_ms=558 | attempt=1
2026-10-03 00:01:34 | INFO | city=Bengaluru | api=air-quality-api | status=200 | latency_ms=250 | attempt=1
2026-10-03 00:01:36 | INFO | city=Bengaluru | api=api | status=200 | latency_ms=164 | attempt=1
2026-10-03 00:01:39 | INFO | city=Chennai | api=air-quality-api | status=200 | latency_ms=692 | attempt=1
2026-10-03 00:01:41 | INFO | city=Chennai | api=api | status=200 | latency_ms=287 | attempt=1
2026-10-03 00:01:41 | INFO | run_finished | records=5 | failed=0
2026-10-03 00:38:41 | INFO | run_started | cities=5 | offline=False
2026-10-03 00:38:43 | INFO | city=Hyderabad | api=air-quality-api | status=200 | latency_ms=180 | attempt=1
2026-10-03 00:38:44 | INFO | city=Hyderabad | api=api | status=200 | latency_ms=541 | attempt=1
2026-10-03 00:38:45 | INFO | city=Mumbai | api=air-quality-api | status=200 | latency_ms=438 | attempt=1
2026-10-03 00:38:46 | INFO | city=Mumbai | api=api | status=200 | latency_ms=843 | attempt=1
2026-10-03 00:38:48 | INFO | city=Delhi | api=air-quality-api | status=200 | latency_ms=363 | attempt=1
2026-10-03 00:38:51 | INFO | city=Delhi | api=api | status=200 | latency_ms=647 | attempt=1
2026-10-03 00:38:54 | INFO | city=Bengaluru | api=air-quality-api | status=200 | latency_ms=776 | attempt=1
2026-10-03 00:38:56 | INFO | city=Bengaluru | api=api | status=200 | latency_ms=256 | attempt=1
2026-10-03 00:38:59 | INFO | city=Chennai | api=air-quality-api | status=200 | latency_ms=696 | attempt=1
2026-10-03 00:39:00 | INFO | city=Chennai | api=api | status=200 | latency_ms=240 | attempt=1
2026-10-03 00:39:00 | INFO | run_finished | records=5 | failed=0
2026-10-03 01:04:00 | INFO | run_started | cities=5 | offline=False
2026-10-03 01:04:03 | INFO | city=Hyderabad | api=air-quality-api | status=200 | latency_ms=733 | attempt=1
2026-10-03 01:04:05 | INFO | city=Hyderabad | api=api | status=200 | latency_ms=535 | attempt=1
2026-10-03 01:04:06 | INFO | city=Mumbai | api=air-quality-api | status=200 | latency_ms=416 | attempt=1
2026-10-03 01:04:07 | INFO | city=Mumbai | api=api | status=200 | latency_ms=331 | attempt=1
2026-10-03 01:04:08 | ERROR | city=Delhi | api_call_failed | attempt=3 | error=ConnectionError
2026-10-03 01:04:10 | INFO | city=Delhi | api=api | status=200 | latency_ms=838 | attempt=1
2026-10-03 01:04:12 | INFO | city=Bengaluru | api=air-quality-api | status=200 | latency_ms=235 | attempt=1
2026-10-03 01:04:13 | INFO | city=Bengaluru | api=api | status=200 | latency_ms=599 | attempt=1
2026-10-03 01:04:16 | INFO | city=Chennai | api=air-quality-api | status=200 | latency_ms=292 | attempt=1
2026-10-03 01:04:19 | ERROR | city=Chennai | api_call_failed | attempt=3 | error=ConnectionError
2026-10-03 01:04:19 | INFO | run_finished | records=5 | failed=0
2026-10-03 01:39:19 | INFO | run_started | cities=5 | offline=False
2026-10-03 01:39:20 | INFO | city=Hyderabad | api=air-quality-api | status=200 | latency_ms=459 | attempt=1
2026-10-03 01:39:23 | INFO | city=Hyderabad | api=api | status=200 | latency_ms=231 | attempt=1
2026-10-03 01:39:26 | INFO | city=Mumbai | api=air-quality-api | status=200 | latency_ms=564 | attempt=1
2026-10-03 01:39:28 | INFO | city=Mumbai | api=api | status=200 | latency_ms=676 | attempt=1
2026-10-03 01:39:30 | WARNING | city=Delhi | api_call_failed | attempt=1 | error=Timeout
2026-10-03 01:39:33 | INFO | city=Delhi | api=api | status=200 | latency_ms=748 | attempt=1
2026-10-03 01:39:36 | INFO | city=Bengaluru | api=air-quality-api | status=200 | latency_ms=377 | attempt=1
2026-10-03 01:39:39 | INFO | city=Bengaluru | api=api | status=200 | latency_ms=261 | attempt=1
2026-10-03 01:39:42 | WARNING | city=Chennai | api_call_failed | attempt=1 | error=Timeout
2026-10-03 01:39:43 | INFO | city=Chennai | api=api | status=200 | latency_ms=310 | attempt=1
2026-10-03 01:39:43 | INFO | run_finished | records=5 | failed=0
2026-10-03 02:02:43 | INFO | run_started | cities=5 | offline=False
2026-10-03 02:02:46 | INFO | city=Hyderabad | api=air-quality-api | status=200 | latency_ms=880 | attempt=1
2026-10-03 02:02:49 | INFO | city=Hyderabad | api=api | status=200 | latency_ms=308 | attempt=1
2026-10-03 02:02:52 | INFO | city=Mumbai | api=air-quality-api | status=200 | latency_ms=447 | attempt=1
2026-10-03 02:02:53 | INFO | city=Mumbai | api=api | status=200 | latency_ms=684 | attempt=1
2026-10-03 02:02:55 | INFO | city=Delhi | api=air-quality-api | status=200 | latency_ms=379 | attempt=1
2026-10-03 02:02:56 | WARNING | city=Delhi | api_call_failed | attempt=1 | error=Timeout
2026-10-03 02:02:59 | INFO | city=Bengaluru | api=air-quality-api | status=200 | latency_ms=842 | attempt=1
2026-10-03 02:03:01 | INFO | city=Bengaluru | api=api | status=200 | latency_ms=341 | attempt=1
2026-10-03 02:03:03 | INFO | city=Chennai | api=air-quality-api | status=200 | latency_ms=868 | attempt=1
2026-10-03 02:03:04 | INFO | city=Chennai | api=api | status=200 | latency_ms=737 | attempt=1
2026-10-03 02:03:04 | INFO | run_finished | records=4 | failed=0
2026-10-03 02:27:04 | INFO | run_started | cities=5 | offline=False
2026-10-03 02:27:07 | INFO | city=Hyderabad | api=air-quality-api | status=200 | latency_ms=261 | attempt=1
2026-10-03 02:27:09 | INFO | city=Hyderabad | api=api | status=200 | latency_ms=531 | attempt=1
2026-10-03 02:27:10 | INFO | city=Mumbai | api=air-quality-api | status=200 | latency_ms=570 | attempt=1
2026-10-03 02:27:12 | INFO | city=Mumbai | api=api | status=200 | latency_ms=860 | attempt=1
2026-10-03 02:27:14 | WARNING | city=Delhi | api_call_failed | attempt=1 | error=Timeout
2026-10-03 02:27:17 | INFO | city=Delhi | api=api | status=200 | latency_ms=410 | attempt=1
2026-10-03 02:27:18 | INFO | city=Bengaluru | api=air-quality-api | status=200 | latency_ms=646 | attempt=1
2026-10-03 02:27:21 | INFO | city=Bengaluru | api=api | status=200 | latency_ms=466 | attempt=1
2026-10-03 02:27:22 | INFO | city=Chennai | api=air-quality-api | status=200 | latency_ms=802 | attempt=1
2026-10-03 02:27:23 | INFO | city=Chennai | api=api | status=200 | latency_ms=288 | attempt=1
2026-10-03 02:27:23 | INFO | run_finished | records=5 | failed=0
2026-10-03 02:56:23 | INFO | run_started | cities=5 | offline=False
2026-10-03 02:56:24 | INFO | city=Hyderabad | api=air-quality-api | status=200 | latency_ms=696 | attempt=1
2026-10-03 02:56:27 | INFO | city=Hyderabad | api=api | status=200 | latency_ms=320 | attempt=1
2026-10-03 02:56:29 | INFO | city=Mumbai | api=air-quality-api | status=429 | latency_ms=451 | attempt=1
2026-10-03 02:56:32 | INFO | city=Mumbai | api=api | status=200 | latency_ms=667 | attempt=1
2026-10-03 02:56:35 | INFO | city=Delhi | api=air-quality-api | status=200 | latency_ms=530 | attempt=1
2026-10-03 02:56:38 | INFO | city=Delhi | api=api | status=200 | latency_ms=181 | attempt=1
2026-10-03 02:56:41 | INFO | city=Bengaluru | api=air-quality-api | status=200 | latency_ms=743 | attempt=1
2026-10-03 02:56:44 | INFO | city=Bengaluru | api=api | status=200 | latency_ms=704 | attempt=1
2026-10-03 02:56:46 | INFO | city=Chennai | api=air-quality-api | status=200 | latency_ms=612 | attempt=1
2026-10-03 02:56:49 | INFO | city=Chennai | api=api | status=200 | latency_ms=426 | attempt=1
2026-10-03 02:56:49 | INFO | run_finished | records=5 | failed=0
2026-10-03 03:32:49 | INFO | run_started | cities=5 | offline=False
2026-10-03 03:32:52 | WARNING | city=Hyderabad | api_call_failed | attempt=1 | error=Timeout
2026-10-03 03:32:53 | INFO | city=Hyderabad | api=api | status=200 | latency_ms=578 | attempt=1
2026-10-03 03:32:56 | INFO | city=Mumbai | api=air-quality-api | status=429 | latency_ms=796 | attempt=1
2026-10-03 03:32:59 | INFO | city=Mumbai | api=api | status=200 | latency_ms=714 | attempt=1
2026-10-03 03:33:01 | INFO | city=Delhi | api=air-quality-api | status=200 | latency_ms=366 | attempt=1
2026-10-03 03:33:04 | INFO | city=Delhi | api=api | status=200 | latency_ms=387 | attempt=1
2026-10-03 03:33:05 | INFO | city=Bengaluru | api=air-quality-api | status=200 | latency_ms=327 | attempt=1
2026-10-03 03:33:08 | INFO | city=Bengaluru | api=api | status=200 | latency_ms=346 | attempt=1
2026-10-03 03:33:10 | INFO | city=Chennai | api=air-quality-api | status=200 | latency_ms=312 | attempt=1
2026-10-03 03:33:13 | INFO | city=Chennai | api=api | status=200 | latency_ms=846 | attempt=1
2026-10-03 03:33:13 | INFO | run_finished | records=5 | failed=0
2026-10-03 04:00:13 | INFO | run_started | cities=5 | offline=False
2026-10-03 04:00:16 | INFO | city=Hyderabad | api=air-quality-api | status=200 | latency_ms=674 | attempt=1
2026-10-03 04:00:19 | INFO | city=Hyderabad | api=api | status=200 | latency_ms=873 | attempt=1
2026-10-03 04:00:22 | INFO | city=Mumbai | api=air-quality-api | status=200 | latency_ms=700 | attempt=1
2026-10-03 04:00:23 | INFO | city=Mumbai | api=api | status=200 | latency_ms=815 | attempt=1
2026-10-03 04:00:24 | INFO | city=Delhi | api=air-quality-api | status=200 | latency_ms=257 | attempt=1
2026-10-03 04:00:27 | INFO | city=Delhi | api=api | status=200 | latency_ms=851 | attempt=1
2026-10-03 04:00:28 | INFO | city=Bengaluru | api=air-quality-api | status=200 | latency_ms=858 | attempt=1
2026-10-03 04:00:31 | INFO | city=Bengaluru | api=api | status=200 | latency_ms=822 | attempt=1
2026-10-03 04:00:33 | INFO | city=Chennai | api=air-quality-api | status=200 | latency_ms=316 | attempt=1
2026-10-03 04:00:36 | INFO | city=Chennai | api=api | status=200 | latency_ms=215 | attempt=1
2026-10-03 04:00:36 | INFO | run_finished | records=5 | failed=0
2026-10-03 04:31:36 | INFO | run_started | cities=5 | offline=False
2026-10-03 04:31:39 | WARNING | city=Hyderabad | api_call_failed | attempt=1 | error=Timeout
2026-10-03 04:31:40 | INFO | city=Hyderabad | api=api | status=200 | latency_ms=135 | attempt=1
2026-10-03 04:31:43 | INFO | city=Mumbai | api=air-quality-api | status=200 | latency_ms=338 | attempt=1
2026-10-03 04:31:45 | INFO | city=Mumbai | api=api | status=200 | latency_ms=844 | attempt=1
2026-10-03 04:31:46 | INFO | city=Delhi | api=air-quality-api | status=200 | latency_ms=209 | attempt=1
2026-10-03 04:31:49 | INFO | city=Delhi | api=api | status=200 | latency_ms=326 | attempt=1
2026-10-03 04:31:52 | INFO | city=Bengaluru | api=air-quality-api | status=200 | latency_ms=865 | attempt=1
2026-10-03 04:31:54 | INFO | city=Bengaluru | api=api | status=200 | latency_ms=883 | attempt=1
2026-10-03 04:31:56 | INFO | city=Chennai | api=air-quality-api | status=200 | latency_ms=873 | attempt=1
2026-10-03 04:31:59 | WARNING | city=Chennai | api_call_failed | attempt=1 | error=Timeout
2026-10-03 04:31:59 | INFO | run_finished | records=4 | failed=0
2026-10-03 04:58:59 | INFO | run_started | cities=5 | offline=False
2026-10-03 04:59:01 | INFO | city=Hyderabad | api=air-quality-api | status=200 | latency_ms=657 | attempt=1
2026-10-03 04:59:03 | INFO | city=Hyderabad | api=api | status=200 | latency_ms=164 | attempt=1
2026-10-03 04:59:06 | INFO | city=Mumbai | api=air-quality-api | status=200 | latency_ms=484 | attempt=1
2026-10-03 04:59:09 | INFO | city=Mumbai | api=api | status=200 | latency_ms=737 | attempt=1
2026-10-03 04:59:10 | WARNING | city=Delhi | api_call_failed | attempt=1 | error=Timeout
2026-10-03 04:59:11 | INFO | city=Delhi | api=api | status=200 | latency_ms=317 | attempt=1
2026-10-03 04:59:14 | INFO | city=Bengaluru | api=air-quality-api | status=200 | latency_ms=715 | attempt=1
2026-10-03 04:59:16 | INFO | city=Bengaluru | api=api | status=200 | latency_ms=141 | attempt=1
2026-10-03 04:59:18 | INFO | city=Chennai | api=air-quality-api | status=200 | latency_ms=384 | attempt=1
2026-10-03 04:59:19 | INFO | city=Chennai | api=api | status=200 | latency_ms=416 | attempt=1
2026-10-03 04:59:19 | INFO | run_finished | records=5 | failed=0
2026-10-03 05:23:19 | INFO | run_started | cities=5 | offline=False
2026-10-03 05:23:22 | INFO | city=Hyderabad | api=air-quality-api | status=200 | latency_ms=671 | attempt=1
2026-10-03 05:23:25 | INFO | city=Hyderabad | api=api | status=200 | latency_ms=395 | attempt=1
2026-10-03 05:23:27 | WARNING | city=Mumbai | api_call_failed | attempt=1 | error=Timeout
2026-10-03 05:23:28 | INFO | city=Mumbai | api=api | status=200 | latency_ms=615 | attempt=1
2026-10-03 05:23:29 | INFO | city=Delhi | api=air-quality-api | status=200 | latency_ms=156 | attempt=1
2026-10-03 05:23:30 | INFO | city=Delhi | api=api | status=200 | latency_ms=780 | attempt=1
2026-10-03 05:23:33 | INFO | city=Bengaluru | api=air-quality-api | status=200 | latency_ms=607 | attempt=1
2026-10-03 05:23:34 | INFO | city=Bengaluru | api=api | status=200 | latency_ms=579 | attempt=1
2026-10-03 05:23:36 | INFO | city=Chennai | api=air-quality-api | status=200 | latency_ms=745 | attempt=1
2026-10-03 05:23:39 | ERROR | city=Chennai | api_call_failed | attempt=3 | error=ConnectionError
2026-10-03 05:23:39 | INFO | run_finished | records=5 | failed=0
2026-10-03 05:52:39 | INFO | run_started | cities=5 | offline=False
2026-10-03 05:52:40 | INFO | city=Hyderabad | api=air-quality-api | status=200 | latency_ms=164 | attempt=1
2026-10-03 05:52:41 | INFO | city=Hyderabad | api=api | status=200 | latency_ms=489 | attempt=1
2026-10-03 05:52:44 | INFO | city=Mumbai | api=air-quality-api | status=200 | latency_ms=710 | attempt=1
2026-10-03 05:52:46 | INFO | city=Mumbai | api=api | status=200 | latency_ms=482 | attempt=1
2026-10-03 05:52:48 | WARNING | city=Delhi | api_call_failed | attempt=1 | error=Timeout
2026-10-03 05:52:50 | INFO | city=Delhi | api=api | status=200 | latency_ms=141 | attempt=1
2026-10-03 05:52:51 | INFO | city=Bengaluru | api=air-quality-api | status=200 | latency_ms=743 | attempt=1
2026-10-03 05:52:52 | INFO | city=Bengaluru | api=api | status=200 | latency_ms=864 | attempt=1
2026-10-03 05:52:55 | INFO | city=Chennai | api=air-quality-api | status=200 | latency_ms=513 | attempt=1
2026-10-03 05:52:57 | ERROR | city=Chennai | api_call_failed | attempt=3 | error=ConnectionError
2026-10-03 05:52:57 | INFO | run_finished | records=5 | failed=0
2026-10-03 06:30:57 | INFO | run_started | cities=5 | offline=False
2026-10-03 06:31:00 | INFO | city=Hyderabad | api=air-quality-api | status=200 | latency_ms=262 | attempt=1
2026-10-03 06:31:03 | WARNING | city=Hyderabad | api_call_failed | attempt=1 | error=Timeout
2026-10-03 06:31:04 | INFO | city=Mumbai | api=air-quality-api | status=200 | latency_ms=556 | attempt=1
2026-10-03 06:31:07 | INFO | city=Mumbai | api=api | status=200 | latency_ms=221 | attempt=1
2026-10-03 06:31:09 | INFO | city=Delhi | api=air-quality-api | status=200 | latency_ms=363 | attempt=1
2026-10-03 06:31:10 | INFO | city=Delhi | api=api | status=200 | latency_ms=431 | attempt=1
2026-10-03 06:31:12 | INFO | city=Bengaluru | api=air-quality-api | status=200 | latency_ms=641 | attempt=1
2026-10-03 06:31:15 | INFO | city=Bengaluru | api=api | status=200 | latency_ms=683 | attempt=1
2026-10-03 06:31:18 | INFO | city=Chennai | api=air-quality-api | status=200 | latency_ms=181 | attempt=1
2026-10-03 06:31:21 | INFO | city=Chennai | api=api | status=200 | latency_ms=450 | attempt=1
2026-10-03 06:31:21 | INFO | run_finished | records=5 | failed=0
2026-10-03 07:07:21 | INFO | run_started | cities=5 | offline=False
2026-10-03 07:07:23 | INFO | city=Hyderabad | api=air-quality-api | status=200 | latency_ms=360 | attempt=1
2026-10-03 07:07:25 | INFO | city=Hyderabad | api=api | status=200 | latency_ms=330 | attempt=1
2026-10-03 07:07:26 | INFO | city=Mumbai | api=air-quality-api | status=200 | latency_ms=807 | attempt=1
2026-10-03 07:07:28 | INFO | city=Mumbai | api=api | status=200 | latency_ms=525 | attempt=1
2026-10-03 07:07:31 | INFO | city=Delhi | api=air-quality-api | status=200 | latency_ms=292 | attempt=1
2026-10-03 07:07:34 | ERROR | city=Delhi | api_call_failed | attempt=3 | error=ConnectionError
2026-10-03 07:07:37 | INFO | city=Bengaluru | api=air-quality-api | status=200 | latency_ms=864 | attempt=1
2026-10-03 07:07:40 | INFO | city=Bengaluru | api=api | status=200 | latency_ms=468 | attempt=1
2026-10-03 07:07:41 | INFO | city=Chennai | api=air-quality-api | status=200 | latency_ms=717 | attempt=1
2026-10-03 07:07:42 | INFO | city=Chennai | api=api | status=200 | latency_ms=431 | attempt=1
2026-10-03 07:07:42 | INFO | run_finished | records=5 | failed=0
2026-10-03 07:41:42 | INFO | run_started | cities=5 | offline=False
2026-10-03 07:41:44 | INFO | city=Hyderabad | api=air-quality-api | status=200 | latency_ms=826 | attempt=1
2026-10-03 07:41:46 | INFO | city=Hyderabad | api=api | status=200 | latency_ms=189 | attempt=1
2026-10-03 07:41:48 | INFO | city=Mumbai | api=air-quality-api | status=200 | latency_ms=299 | attempt=1
2026-10-03 07:41:50 | INFO | city=Mumbai | api=api | status=200 | latency_ms=679 | attempt=1
2026-10-03 07:41:51 | INFO | city=Delhi | api=air-quality-api | status=200 | latency_ms=761 | attempt=1
2026-10-03 07:41:53 | INFO | city=Delhi | api=api | status=200 | latency_ms=140 | attempt=1
2026-10-03 07:41:54 | WARNING | city=Bengaluru | api_call_failed | attempt=1 | error=Timeout
2026-10-03 07:41:55 | INFO | city=Bengaluru | api=api | status=200 | latency_ms=409 | attempt=1
2026-10-03 07:41:58 | INFO | city=Chennai | api=air-quality-api | status=200 | latency_ms=321 | attempt=1
2026-10-03 07:41:59 | INFO | city=Chennai | api=api | status=200 | latency_ms=252 | attempt=1
2026-10-03 07:41:59 | INFO | run_finished | records=4 | failed=0
2026-10-03 08:03:59 | INFO | run_started | cities=5 | offline=False
2026-10-03 08:04:00 | INFO | city=Hyderabad | api=air-quality-api | status=200 | latency_ms=709 | attempt=1
2026-10-03 08:04:02 | INFO | city=Hyderabad | api=api | status=200 | latency_ms=125 | attempt=1
2026-10-03 08:04:03 | INFO | city=Mumbai | api=air-quality-api | status=200 | latency_ms=777 | attempt=1
2026-10-03 08:04:04 | INFO | city=Mumbai | api=api | status=200 | latency_ms=148 | attempt=1
2026-10-03 08:04:05 | INFO | city=Delhi | api=air-quality-api | status=200 | latency_ms=887 | attempt=1
2026-10-03 08:04:06 | INFO | city=Delhi | api=api | status=200 | latency_ms=535 | attempt=1
2026-10-03 08:04:09 | INFO | city=Bengaluru | api=air-quality-api | status=200 | latency_ms=465 | attempt=1
2026-10-03 08:04:10 | WARNING | city=Bengaluru | api_call_failed | attempt=1 | error=Timeout
2026-10-03 08:04:11 | INFO | city=Chennai | api=air-quality-api | status=429 | latency_ms=747 | attempt=1
2026-10-03 08:04:13 | INFO | city=Chennai | api=api | status=200 | latency_ms=732 | attempt=1
2026-10-03 08:04:13 | INFO | run_finished | records=5 | failed=0
2026-10-03 08:32:13 | INFO | run_started | cities=5 | offline=False
2026-10-03 08:32:15 | INFO | city=Hyderabad | api=air-quality-api | status=200 | latency_ms=146 | attempt=1
2026-10-03 08:32:17 | INFO | city=Hyderabad | api=api | status=200 | latency_ms=440 | attempt=1
2026-10-03 08:32:18 | INFO | city=Mumbai | api=air-quality-api | status=200 | latency_ms=847 | attempt=1
2026-10-03 08:32:21 | INFO | city=Mumbai | api=api | status=200 | latency_ms=280 | attempt=1
2026-10-03 08:32:22 | WARNING | city=Delhi | api_call_failed | attempt=1 | error=Timeout
2026-10-03 08:32:23 | INFO | city=Delhi | api=api | status=200 | latency_ms=212 | attempt=1
2026-10-03 08:32:25 | INFO | city=Bengaluru | api=air-quality-api | status=200 | latency_ms=553 | attempt=1
2026-10-03 08:32:27 | INFO | city=Bengaluru | api=api | status=200 | latency_ms=722 | attempt=1
2026-10-03 08:32:30 | INFO | city=Chennai | api=air-quality-api | status=200 | latency_ms=736 | attempt=1
2026-10-03 08:32:33 | INFO | city=Chennai | api=api | status=200 | latency_ms=878 | attempt=1
2026-10-03 08:32:33 | INFO | run_finished | records=5 | failed=0
2026-10-03 09:07:33 | INFO | run_started | cities=5 | offline=False
2026-10-03 09:07:34 | INFO | city=Hyderabad | api=air-quality-api | status=200 | latency_ms=436 | attempt=1
2026-10-03 09:07:37 | INFO | city=Hyderabad | api=api | status=200 | latency_ms=843 | attempt=1
2026-10-03 09:07:39 | INFO | city=Mumbai | api=air-quality-api | status=200 | latency_ms=490 | attempt=1
2026-10-03 09:07:42 | INFO | city=Mumbai | api=api | status=200 | latency_ms=400 | attempt=1
2026-10-03 09:07:43 | INFO | city=Delhi | api=air-quality-api | status=200 | latency_ms=691 | attempt=1
2026-10-03 09:07:45 | INFO | city=Delhi | api=api | status=429 | latency_ms=491 | attempt=1
2026-10-03 09:07:46 | INFO | city=Bengaluru | api=air-quality-api | status=200 | latency_ms=353 | attempt=1
2026-10-03 09:07:48 | INFO | city=Bengaluru | api=api | status=200 | latency_ms=212 | attempt=1
2026-10-03 09:07:49 | INFO | city=Chennai | api=air-quality-api | status=200 | latency_ms=245 | attempt=1
2026-10-03 09:07:50 | INFO | city=Chennai | api=api | status=200 | latency_ms=329 | attempt=1
2026-10-03 09:07:50 | INFO | run_finished | records=5 | failed=0
2026-10-03 09:35:50 | INFO | run_started | cities=5 | offline=False
2026-10-03 09:35:53 | INFO | city=Hyderabad | api=air-quality-api | status=200 | latency_ms=272 | attempt=1
2026-10-03 09:35:54 | INFO | city=Hyderabad | api=api | status=200 | latency_ms=285 | attempt=1
2026-10-03 09:35:57 | WARNING | city=Mumbai | api_call_failed | attempt=1 | error=Timeout
2026-10-03 09:35:58 | INFO | city=Mumbai | api=api | status=200 | latency_ms=630 | attempt=1
2026-10-03 09:35:59 | INFO | city=Delhi | api=air-quality-api | status=200 | latency_ms=472 | attempt=1
2026-10-03 09:36:01 | INFO | city=Delhi | api=api | status=200 | latency_ms=451 | attempt=1
2026-10-03 09:36:02 | INFO | city=Bengaluru | api=air-quality-api | status=200 | latency_ms=870 | attempt=1
2026-10-03 09:36:03 | ERROR | city=Bengaluru | api_call_failed | attempt=3 | error=ConnectionError
2026-10-03 09:36:05 | INFO | city=Chennai | api=air-quality-api | status=200 | latency_ms=479 | attempt=1
2026-10-03 09:36:06 | INFO | city=Chennai | api=api | status=200 | latency_ms=505 | attempt=1
2026-10-03 09:36:06 | INFO | run_finished | records=5 | failed=0
2026-10-03 10:08:06 | INFO | run_started | cities=5 | offline=False
2026-10-03 10:08:09 | INFO | city=Hyderabad | api=air-quality-api | status=200 | latency_ms=349 | attempt=1
2026-10-03 10:08:10 | INFO | city=Hyderabad | api=api | status=200 | latency_ms=388 | attempt=1
2026-10-03 10:08:13 | INFO | city=Mumbai | api=air-quality-api | status=200 | latency_ms=356 | attempt=1
2026-10-03 10:08:15 | INFO | city=Mumbai | api=api | status=200 | latency_ms=897 | attempt=1
2026-10-03 10:08:17 | INFO | city=Delhi | api=air-quality-api | status=200 | latency_ms=425 | attempt=1
2026-10-03 10:08:19 | INFO | city=Delhi | api=api | status=200 | latency_ms=703 | attempt=1
2026-10-03 10:08:20 | INFO | city=Bengaluru | api=air-quality-api | status=200 | latency_ms=393 | attempt=1
2026-10-03 10:08:21 | INFO | city=Bengaluru | api=api | status=200 | latency_ms=409 | attempt=1
2026-10-03 10:08:22 | INFO | city=Chennai | api=air-quality-api | status=200 | latency_ms=617 | attempt=1
2026-10-03 10:08:23 | INFO | city=Chennai | api=api | status=200 | latency_ms=819 | attempt=1
2026-10-03 10:08:23 | INFO | run_finished | records=5 | failed=0
2026-10-03 10:34:23 | INFO | run_started | cities=5 | offline=False
2026-10-03 10:34:26 | WARNING | city=Hyderabad | api_call_failed | attempt=1 | error=Timeout
2026-10-03 10:34:29 | INFO | city=Hyderabad | api=api | status=200 | latency_ms=569 | attempt=1
2026-10-03 10:34:30 | INFO | city=Mumbai | api=air-quality-api | status=200 | latency_ms=263 | attempt=1
2026-10-03 10:34:32 | INFO | city=Mumbai | api=api | status=200 | latency_ms=234 | attempt=1
2026-10-03 10:34:33 | INFO | city=Delhi | api=air-quality-api | status=200 | latency_ms=129 | attempt=1
2026-10-03 10:34:34 | INFO | city=Delhi | api=api | status=200 | latency_ms=274 | attempt=1
2026-10-03 10:34:37 | INFO | city=Bengaluru | api=air-quality-api | status=200 | latency_ms=219 | attempt=1
2026-10-03 10:34:38 | INFO | city=Bengaluru | api=api | status=200 | latency_ms=526 | attempt=1
2026-10-03 10:34:39 | INFO | city=Chennai | api=air-quality-api | status=200 | latency_ms=777 | attempt=1
2026-10-03 10:34:42 | INFO | city=Chennai | api=api | status=200 | latency_ms=463 | attempt=1
2026-10-03 10:34:42 | INFO | run_finished | records=4 | failed=0
2026-10-03 11:12:42 | INFO | run_started | cities=5 | offline=False
2026-10-03 11:12:43 | INFO | city=Hyderabad | api=air-quality-api | status=200 | latency_ms=762 | attempt=1
2026-10-03 11:12:46 | WARNING | city=Hyderabad | api_call_failed | attempt=1 | error=Timeout
2026-10-03 11:12:49 | INFO | city=Mumbai | api=air-quality-api | status=200 | latency_ms=708 | attempt=1
2026-10-03 11:12:51 | INFO | city=Mumbai | api=api | status=200 | latency_ms=865 | attempt=1
2026-10-03 11:12:52 | WARNING | city=Delhi | api_call_failed | attempt=1 | error=Timeout
2026-10-03 11:12:53 | INFO | city=Delhi | api=api | status=200 | latency_ms=243 | attempt=1
2026-10-03 11:12:55 | INFO | city=Bengaluru | api=air-quality-api | status=200 | latency_ms=658 | attempt=1
2026-10-03 11:12:57 | WARNING | city=Bengaluru | api_call_failed | attempt=1 | error=Timeout
2026-10-03 11:13:00 | INFO | city=Chennai | api=air-quality-api | status=200 | latency_ms=768 | attempt=1
2026-10-03 11:13:03 | INFO | city=Chennai | api=api | status=200 | latency_ms=235 | attempt=1
2026-10-03 11:13:03 | INFO | run_finished | records=5 | failed=0
2026-10-03 11:48:03 | INFO | run_started | cities=5 | offline=False
2026-10-03 11:48:04 | INFO | city=Hyderabad | api=air-quality-api | status=200 | latency_ms=340 | attempt=1
2026-10-03 11:48:05 | INFO | city=Hyderabad | api=api | status=200 | latency_ms=399 | attempt=1
2026-10-03 11:48:08 | INFO | city=Mumbai | api=air-quality-api | status=200 | latency_ms=390 | attempt=1
2026-10-03 11:48:10 | ERROR | city=Mumbai | api_call_failed | attempt=3 | error=ConnectionError
2026-10-03 11:48:11 | INFO | city=Delhi | api=air-quality-api | status=200 | latency_ms=537 | attempt=1
2026-10-03 11:48:14 | INFO | city=Delhi | api=api | status=200 | latency_ms=393 | attempt=1
2026-10-03 11:48:15 | INFO | city=Bengaluru | api=air-quality-api | status=200 | latency_ms=162 | attempt=1
2026-10-03 11:48:18 | INFO | city=Bengaluru | api=api | status=200 | latency_ms=408 | attempt=1
2026-10-03 11:48:21 | INFO | city=Chennai | api=air-quality-api | status=200 | latency_ms=540 | attempt=1
2026-10-03 11:48:24 | INFO | city=Chennai | api=api | status=200 | latency_ms=528 | attempt=1
2026-10-03 11:48:24 | INFO | run_finished | records=5 | failed=0
